sku,product_name,price,,,,
10234061,New! Mary Kay Clinical SolutionsÂź Barrier Restore 1:1:3,46.00,,,,
10191325,New! Mary KayÂź Great Heightsâą Waterproof Mascara Black,18.00,,,,
10241274,New! Mary KayÂź Shimmer Eye Shadow Stick Midnight Galaxy Shimmer,20.00,,,,
10241275,New! Mary KayÂź Shimmer Eye Shadow Stick Radiant Bronze Shimmer,20.00,,,,
10241276,New! Mary KayÂź Shimmer Eye Shadow Stick Copper Nova Shimmer,20.00,,,,
10241277,New! Mary KayÂź Shimmer Eye Shadow Stick Golden Sunrise Shimmer,20.00,,,,
10241278,New! Mary KayÂź Shimmer Eye Shadow Stick Pink Prisms Shimmer,20.00,,,,
10254606,New! The Look (Winter 2025) pk./10 - English,5.00,,,,
10254607,New! The Look (Winter 2025),5.00,,,,
10236898,Limited-Editionâ  Mary KayÂź Gel Cream Blush Pink Stars,20.00,,,,
10236902,Limited-Editionâ  Mary KayÂź Gel Cream Blush Passionfruit,20.00,,,,
10236901,Limited-Editionâ  Mary KayÂź Gel Cream Blush Coral Kiss,20.00,,,,
10236899,Limited-Editionâ  Mary KayÂź Gel Cream Blush Soft Buff,20.00,,,,
10235072,Mary KayÂź Nourishing Oil,50.00,,,,
10230672,Mary KayÂź Hydrating Regimen Normal to Dry,80.00,,,,
10230673,Mary KayÂź Mattifying Regimen Combination to Oily,80.00,,,,
10201304,Mary KayÂź Hydrating Cleanser,20.00,,,,
10201374,Mary KayÂź Hydrating Moisturizer,20.00,,,,
10201340,Mary KayÂź Mattifying Cleanser,20.00,,,,
10201376,Mary KayÂź Mattifying Moisturizer,20.00,,,,
10201395,Mary KayÂź Exfoliating Scrub,20.00,,,,
10201384,Mary KayÂź Balancing Toner,20.00,,,,
10204126,Mary KayÂź Hydrating Go Set Normal to Dry,22.00,,,,
10204143,Mary KayÂź Mattifying Go Set Combination to Oily,22.00,,,,
10219506,TimeWiseÂź Targeted-ActionÂź Toning Lotion,36.00,,,,
10217417,TimeWiseÂź Miracle SetÂź Normal/Dry,116.00,,,,
10217415,TimeWiseÂź Miracle SetÂź Combination/Oily,116.00,,,,
10223243,Ultimate TimeWiseÂź Miracle SetÂź Normal/Dry,150.00,,,,
10223244,Ultimate TimeWiseÂź Miracle SetÂź Combination/Oily,150.00,,,,
10223246,Beyond Ultimate TimeWiseÂź Miracle SetÂź Normal/Dry,208.00,,,,
10223245,Beyond Ultimate TimeWiseÂź Miracle SetÂź Combination/Oily,208.00,,,,
10217385,TimeWiseÂź Daytime Defender Sunscreen Broad Spectrum SPF 30â ,34.00,,,,
10217387,TimeWiseÂź Nighttime Recovery,34.00,,,,
10217393,TimeWiseÂź Antioxidant Moisturizer Normal/Dry,34.00,,,,
10217391,TimeWiseÂź Antioxidant Moisturizer Combination/Oily,34.00,,,,
10217408,TimeWiseÂź Eye Cream,38.00,,,,
10217406,TimeWiseÂź 4-in-1 Cleanser Normal / Dry,26.00,,,,
10217404,TimeWiseÂź 4-in-1 Cleanser Combination / Oily,26.00,,,,
10217456,TimeWiseÂź Miracle SetÂź The Go Set Normal/Dry,28.00,,,,
10217455,TimeWiseÂź Miracle SetÂź The Go Set Combination/Oily,28.00,,,,
10198866,TimeWiseÂź Microdermabrasion Plus Set,58.00,,,,
10198715,TimeWiseÂź Pore Minimizer,28.00,,,,
10171886,TimeWise Replenishing Serum C+EÂź,60.00,,,,
10151329,TimeWiseÂź Moisture Renewing Gel Mask,26.00,,,,
10225538,TimeWiseÂź Firming Eye Cream,34.00,,,,
10224657,TimeWiseÂź Microdermabrasion Refine,36.00,,,,
10071883,TimeWise RepairÂź Volu-FillÂź Deep Wrinkle Filler,50.00,,,,
10088897,TimeWise RepairÂź Revealing RadianceÂź Facial Peel,68.00,,,,
10107547,TimeWise RepairÂź Lifting Bio-Cellulose Mask,70.00,,,,
10208384,TimeWise RepairÂź Volu-FirmÂź Day Cream Sunscreen Broad Spectrum SPF 30*,54.00,,,,
10208386,TimeWise RepairÂź Volu-FirmÂź Night Treatment With Retinol,54.00,,,,
10208547,TimeWise RepairÂź Volu-FirmÂź Eye Renewal Cream,44.00,,,,
10211389,TimeWise Repair Volu-Firm The Go SetÂź,38.00,,,,
10208549,TimeWise RepairÂź Volu-FirmÂź Foaming Cleanser,30.00,,,,
10208543,TimeWise RepairÂź Volu-FirmÂź Advanced Lifting Serum,74.00,,,,
10211954,TimeWise RepairÂź Volu-FirmÂź Set,225.00,,,,
10236194,TimeWise RepairÂź Ultimate Volu-FirmÂź Set,343.00,,,,
10238881,Mary Kay Clinical SolutionsÂź Retinol 0.3,70.00,,,,
10227734,Mary Kay Clinical SolutionsÂź Dynamic Wrinkle Limiterâą,58.00,,,,
10177899,Mary Kay Clinical SolutionsÂź C + Resveratrol Line-Reducer,38.00,,,,
10177906,Mary Kay Clinical SolutionsÂź HA + Ceramide Hydrator,38.00,,,,
10177902,Mary Kay Clinical SolutionsÂź Ferulic + Niacinamide Brightener,38.00,,,,
10177904,Mary Kay Clinical SolutionsÂź PHA + AHA Resurfacer,38.00,,,,
10058977,Clear ProofÂź Acne System Set,56.00,,,,
10058968,Clear Proof The Go SetÂź,26.00,,,,
10056743,Clear ProofÂź Blemish Control Toner**,18.00,,,,
10095054,Clear ProofÂź Acne Treatment Gel*,14.00,,,,
10241535,Clear ProofÂź Oil-Free Moisturizer for Acne-Prone Skin (replacement product),22.00,,,,
10094148,Clear ProofÂź Deep-Cleansing Charcoal Mask,26.00,,,,
10233551,Clear ProofÂź Clarifying Cleansing Gel**,20.00,,,,
10242538,MKMenÂź Regimen,70.00,,,,
10234778,MKMenÂź Daily Facial Wash,20.00,,,,
10234520,MKMenÂź Moisturizing Shave Cream,20.00,,,,
10234780,MKMenÂź Ultimate Moisturizer,30.00,,,,
10183253,Mary KayÂź Mineral Facial Sunscreen Broad Spectrum SPF 30*,28.00,,,,
10173736,Mary KayÂź Instant Puffiness Reducer,38.00,,,,
10190660,IndulgeÂź Soothing Eye Gel,20.00,,,,
10179024,Mary KayÂź Oil-Free Eye Makeup Remover,20.00,,,,
10203701,Mary KayÂź Hydrogel Eye Patches,44.00,,,,
10098324,White Tea & Citrus Satin LipsÂź Set,26.00,,,,
10186363,White Tea & Citrus Satin LipsÂź Shea Sugar Scrub,14.00,,,,
10138754,White Tea & Citrus Satin LipsÂź Shea Butter Balm,14.00,,,,
10160886,Mary KayÂź Micellar Water,18.00,,,,
10041758,Beauty BlottersÂź Oil-Absorbing Tissues,8.00,,,,
10072682,Mary KayÂź Extra Emollient Night Cream,18.00,,,,
10031541,Mary KayÂź Intense Moisturizing Cream (Dry),36.00,,,,
10197545,Mary KayÂź Oil-Free Hydrating Gel (Normal/Oily),36.00,,,,
10237287,Mary KayÂź Sunscreen Broad Spectrum SPF 50*,30.00,,,,
10152557,Mary KayÂź Makeup Finishing Spray by SkindinĂ€via,20.00,,,,
10210476,Mary KayÂź Multi-Benefit Concealer Light 1,18.00,,,,
10210477,Mary KayÂź Multi-Benefit Concealer Light 2,18.00,,,,
10210478,Mary KayÂź Multi-Benefit Concealer Light 3,18.00,,,,
10210479,Mary KayÂź Multi-Benefit Concealer Medium 1,18.00,,,,
10210480,Mary KayÂź Multi-Benefit Concealer Medium 2,18.00,,,,
10210481,Mary KayÂź Multi-Benefit Concealer Medium 3,18.00,,,,
10210482,Mary KayÂź Multi-Benefit Concealer Deep 1,18.00,,,,
10210483,Mary KayÂź Multi-Benefit Concealer Deep 2,18.00,,,,
10214386,Mary KayÂź Multi-Benefit Concealer Deep 3,18.00,,,,
10211391,Mary KayÂź Undereye Corrector Light Peach,18.00,,,,
10211392,Mary KayÂź Undereye Corrector Deep Peach,18.00,,,,
10072822,Mary KayÂź CC Cream Sunscreen Broad Spectrum SPF 15* Very Light Natural,22.00,,,,
10072823,Mary KayÂź CC Cream Sunscreen Broad Spectrum SPF 15* Light to Medium Natural,22.00,,,,
10072824,Mary KayÂź CC Cream Sunscreen Broad Spectrum SPF 15* Medium to Deep Natural,22.00,,,,
10072825,Mary KayÂź CC Cream Sunscreen Broad Spectrum SPF 15* Deep Natural,22.00,,,,
10086620,Mary KayÂź CC Cream Sunscreen Broad Spectrum SPF 15* Very Deep Natural,22.00,,,,
10099957,TimeWiseÂź Matte 3D Foundation Ivory C 100 Matte,26.00,,,,
10099958,TimeWiseÂź Matte 3D Foundation Ivory C 110 Matte,26.00,,,,
10099961,TimeWiseÂź Matte 3D Foundation Ivory W 130 Matte,26.00,,,,
10099962,TimeWiseÂź Matte 3D Foundation Ivory N 140 Matte,26.00,,,,
10099964,TimeWiseÂź Matte 3D Foundation Ivory W 150 Matte,26.00,,,,
10099963,TimeWiseÂź Matte 3D Foundation Ivory N 160 Matte,26.00,,,,
10099965,TimeWiseÂź Matte 3D Foundation Beige W 100 Matte,26.00,,,,
10099966,TimeWiseÂź Matte 3D Foundation Beige C 110 Matte,26.00,,,,
10099967,TimeWiseÂź Matte 3D Foundation Beige C 120 Matte,26.00,,,,
10099968,TimeWiseÂź Matte 3D Foundation Beige C 130 Matte,26.00,,,,
10099969,TimeWiseÂź Matte 3D Foundation Beige C 140 Matte,26.00,,,,
10099970,TimeWiseÂź Matte 3D Foundation Beige N 150 Matte,26.00,,,,
10099971,TimeWiseÂź Matte 3D Foundation Beige W 160 Matte,26.00,,,,
10099972,TimeWiseÂź Matte 3D Foundation Beige C 170 Matte,26.00,,,,
10099973,TimeWiseÂź Matte 3D Foundation Beige W 180 Matte,26.00,,,,
10099974,TimeWiseÂź Matte 3D Foundation Beige N 190 Matte,26.00,,,,
10099975,TimeWiseÂź Matte 3D Foundation Beige N 200 Matte,26.00,,,,
10099976,TimeWiseÂź Matte 3D Foundation Beige N 210 Matte,26.00,,,,
10099977,TimeWiseÂź Matte 3D Foundation Beige C 220 Matte,26.00,,,,
10099978,TimeWiseÂź Matte 3D Foundation Bronze W 100 Matte,26.00,,,,
10099979,TimeWiseÂź Matte 3D Foundation Bronze W 110 Matte,26.00,,,,
10099980,TimeWiseÂź Matte 3D Foundation Bronze W 120 Matte,26.00,,,,
10099981,TimeWiseÂź Matte 3D Foundation Bronze W 130 Matte,26.00,,,,
10099982,TimeWiseÂź Matte 3D Foundation Bronze W 140 Matte,26.00,,,,
10100036,TimeWiseÂź Matte 3D Foundation Bronze W 150 Matte,26.00,,,,
10100038,TimeWiseÂź Matte 3D Foundation Bronze C 160 Matte,26.00,,,,
10100039,TimeWiseÂź Matte 3D Foundation Bronze C 170 Matte,26.00,,,,
10100040,TimeWiseÂź Matte 3D Foundation Bronze C 180 Matte,26.00,,,,
10100011,TimeWiseÂź Luminous 3D Foundation Ivory C 100 Dewy / Luminous,26.00,,,,
10100012,TimeWiseÂź Luminous 3D Foundation Ivory C 110 Dewy / Luminous,26.00,,,,
10100013,TimeWiseÂź Luminous 3D Foundation Ivory W 120 Dewy / Luminous,26.00,,,,
10100014,TimeWiseÂź Luminous 3D Foundation Ivory W 130 Dewy / Luminous,26.00,,,,
10100015,TimeWiseÂź Luminous 3D Foundation Ivory N 140 Dewy / Luminous,26.00,,,,
10100018,TimeWiseÂź Luminous 3D Foundation Ivory W 150 Dewy / Luminous,26.00,,,,
10100017,TimeWiseÂź Luminous 3D Foundation Ivory N 160 Dewy / Luminous,26.00,,,,
10100019,TimeWiseÂź Luminous 3D Foundation Beige W 100 Dewy / Luminous,26.00,,,,
10100020,TimeWiseÂź Luminous 3D Foundation Beige C 110 Dewy / Luminous,26.00,,,,
10100022,TimeWiseÂź Luminous 3D Foundation Beige C 120 Dewy / Luminous,26.00,,,,
10100023,TimeWiseÂź Luminous 3D Foundation Beige C 130 Dewy / Luminous,26.00,,,,
10100024,TimeWiseÂź Luminous 3D Foundation Beige C 140 Dewy / Luminous,26.00,,,,
10100025,TimeWiseÂź Luminous 3D Foundation Beige N 150 Dewy / Luminous,26.00,,,,
10100026,TimeWiseÂź Luminous 3D Foundation Beige W 160 Dewy / Luminous,26.00,,,,
10100027,TimeWiseÂź Luminous 3D Foundation Beige W 180 Dewy / Luminous,26.00,,,,
10100028,TimeWiseÂź Luminous 3D Foundation Beige N 190 Dewy / Luminous,26.00,,,,
10100030,TimeWiseÂź Luminous 3D Foundation Beige N 210 Dewy / Luminous,26.00,,,,
10100031,TimeWiseÂź Luminous 3D Foundation Beige C 220 Dewy / Luminous,26.00,,,,
10154138,TimeWiseÂź Luminous 3D Foundation Bronze W 100 Dewy / Luminous,26.00,,,,
10154140,TimeWiseÂź Luminous 3D Foundation Bronze W 130 Dewy / Luminous,26.00,,,,
10154141,TimeWiseÂź Luminous 3D Foundation Bronze W 150 Dewy / Luminous,26.00,,,,
10154142,TimeWiseÂź Luminous 3D Foundation Bronze C 160 Dewy / Luminous,26.00,,,,
10154143,TimeWiseÂź Luminous 3D Foundation Bronze C 170 Dewy / Luminous,26.00,,,,
10175890,Mary KayÂź Silky Setting Powder Light Ivory Matte,20.00,,,,
10175891,Mary KayÂź Silky Setting Powder Light-Medium Ivory Matte,20.00,,,,
10175892,Mary KayÂź Silky Setting Powder Medium Ivory Matte,20.00,,,,
10175893,Mary KayÂź Silky Setting Powder Deep Ivory Matte,20.00,,,,
10175894,Mary KayÂź Silky Setting Powder Light Beige Matte,20.00,,,,
10175895,Mary KayÂź Silky Setting Powder Light-Medium Beige Matte,20.00,,,,
10175896,Mary KayÂź Silky Setting Powder Medium Beige Matte,20.00,,,,
10175897,Mary KayÂź Silky Setting Powder Deep Beige Matte,20.00,,,,
10175898,Mary KayÂź Silky Setting Powder Light Bronze Matte,20.00,,,,
10175899,Mary KayÂź Silky Setting Powder Light-Medium Bronze Matte,20.00,,,,
10175901,Mary KayÂź Silky Setting Powder Medium Bronze Matte,20.00,,,,
10175902,Mary KayÂź Silky Setting Powder Deep Bronze Matte,20.00,,,,
10060182,Mary KayÂź Translucent Loose Powder Natural,18.00,,,,
10233087,Mary KayÂź Foundation Primer Sunscreen Broad Spectrum SPF 15*,20.00,,,,
10252246,Mary Kay ChromafusionÂź Blush Golden Copper Shimmer,14.00,,,,
10252249,Mary Kay ChromafusionÂź Blush Rosy Nude Matte,14.00,,,,
10252248,Mary Kay ChromafusionÂź Blush Rogue Rose Shimmer,14.00,,,,
10252250,Mary Kay ChromafusionÂź Blush Shy Blush Shimmer,14.00,,,,
10252247,Mary Kay ChromafusionÂź Blush Hot Coral Shimmer ,14.00,,,,
10252251,Mary Kay ChromafusionÂź Blush Wineberry Shimmer ,14.00,,,,
10252256,Mary Kay ChromafusionÂź Contour Cocoa Matte,14.00,,,,
10252261,Mary Kay ChromafusionÂź Highlighter Honey Glow Shimmer,14.00,,,,
10252257,Mary Kay ChromafusionÂź Contour Latte Matte,14.00,,,,
10252260,Mary Kay ChromafusionÂź Highlighter Glazed Shimmer,14.00,,,,
10250193,Mary Kay ChromafusionÂź Eye Shadow Shiny Penny Shimmer,8.00,,,,
10250185,Mary Kay ChromafusionÂź Eye Shadow Dusty Rose Matte,8.00,,,,
10250191,Mary Kay ChromafusionÂź Eye Shadow Moonstone Shimmer,8.00,,,,
10250180,Mary Kay ChromafusionÂź Eye Shadow Biscotti Matte,8.00,,,,
10250194,Mary Kay ChromafusionÂź Eye Shadow Smoky Quartz Shimmer,8.00,,,,
10250190,Mary Kay ChromafusionÂź Eye Shadow Merlot Matte,8.00,,,,
10250183,Mary Kay ChromafusionÂź Eye Shadow Cinnabar Matte,8.00,,,,
10250192,Mary Kay ChromafusionÂź Eye Shadow Rose Gold Shimmer,8.00,,,,
10250188,Mary Kay ChromafusionÂź Eye Shadow Golden Mauve Shimmer,8.00,,,,
10250189,Mary Kay ChromafusionÂź Eye Shadow Hazelnut Matte,8.00,,,,
10250186,Mary Kay ChromafusionÂź Eye Shadow Espresso Matte,8.00,,,,
10250184,Mary Kay ChromafusionÂź Eye Shadow Crystalline Shimmer,8.00,,,,
10250182,Mary Kay ChromafusionÂź Eye Shadow Candlelight Shimmer,8.00,,,,
10250195,Mary Kay ChromafusionÂź Eye Shadow Sunlit Rose Shimmer,8.00,,,,
10250181,Mary Kay ChromafusionÂź Eye Shadow Blossom Matte,8.00,,,,
10250187,Mary Kay ChromafusionÂź Eye Shadow Gold Status Shimmer,8.00,,,,
10239154,Mary KayÂź Waterproof Eyeliner Black Matte,14.00,,,,
10239155,Mary KayÂź Waterproof Eyeliner Blue Matte,14.00,,,,
10239156,Mary KayÂź Waterproof Eyeliner Steely Matte,14.00,,,,
10239151,Mary KayÂź Waterproof Eyeliner Brown Matte,14.00,,,,
10085704,Mary KayÂź Gel Eyeliner With Expandable Brush Applicator Jet Black,22.00,,,,
10141205,Mary KayÂź Waterproof Liquid Eyeliner Pen Intense Black Matte,18.00,,,,
10205917,Limited-Editionâ  Mary KayÂź Waterproof Eyeliner Copper Shimmer,14.00,,,,
10191232,Mary KayÂź Great Heightsâą Mascara Black,18.00,,,,
10222584,Mary KayÂź Ultimate Mascaraâą Black,16.00,,,,
10222585,Mary KayÂź Ultimate Mascaraâą Black Brown,16.00,,,,
10092105,Lash IntensityÂź Mascara Black,18.00,,,,
10041481,Lash LoveÂź Mascara I â„ Black,16.00,,,,
10142038,Lash Love FanoramaÂź Mascara I â„ Black,16.00,,,,
10222938,Mary KayÂź Clear Brow Styling Gel Clear,14.00,,,,
10125032,Mary KayÂź Volumizing Brow Tint Blonde,14.00,,,,
10125033,Mary KayÂź Volumizing Brow Tint Dark Blonde,14.00,,,,
10125034,Mary KayÂź Volumizing Brow Tint Brunette,14.00,,,,
10125035,Mary KayÂź Volumizing Brow Tint Dark Brunette,14.00,,,,
10127611,Mary KayÂź Precision Brow Liner Blonde,14.00,,,,
10127612,Mary KayÂź Precision Brow Liner Dark Blonde,14.00,,,,
10127613,Mary KayÂź Precision Brow Liner Brunette,14.00,,,,
10127614,Mary KayÂź Precision Brow Liner Dark Brunette,14.00,,,,
10127615,Mary KayÂź Precision Brow Liner Black Brown,14.00,,,,
10239163,Mary KayÂź Waterproof Lip Liner Pink Nude,14.00,,,,
10239164,Mary KayÂź Waterproof Lip Liner Beige Nude,14.00,,,,
10239165,Mary KayÂź Waterproof Lip Liner Mauve Nude,14.00,,,,
10239166,Mary KayÂź Waterproof Lip Liner Auburn Nude,14.00,,,,
10239167,Mary KayÂź Waterproof Lip Liner Truffle Nude,14.00,,,,
10239168,Mary KayÂź Waterproof Lip Liner Rose,14.00,,,,
10239169,Mary KayÂź Waterproof Lip Liner Hot Pink Matte,14.00,,,,
10239170,Mary KayÂź Waterproof Lip Liner Red,14.00,,,,
10239171,Mary KayÂź Waterproof Lip Liner Berry,14.00,,,,
10153485,Mary Kay UnlimitedÂź Lip Gloss Berry Delight Pearl,18.00,,,,
10249013,Mary Kay UnlimitedÂź Lip Gloss Nude Blush Cream (replacement product),18.00,,,,
10153484,Mary Kay UnlimitedÂź Lip Gloss Pink Fusion Cream,18.00,,,,
10249019,Mary Kay UnlimitedÂź Lip Gloss Tawny Nude Cream (replacement product),18.00,,,,
10153483,Mary Kay UnlimitedÂź Lip Gloss Unique Mauve Cream,18.00,,,,
10249011,Mary Kay UnlimitedÂź Lip Gloss Fancy Nancy Shimmer,18.00,,,,
10249014,Mary Kay UnlimitedÂź Lip Gloss Pink Ballerina Pearl,18.00,,,,
10249017,Mary Kay UnlimitedÂź Lip Gloss Sheer Illusion Shimmer,18.00,,,,
10249012,Mary Kay UnlimitedÂź Lip Gloss Iconic Red Cream,18.00,,,,
10249006,Mary Kay UnlimitedÂź Lip Gloss Beach Bronze Shimmer,18.00,,,,
10089644,Gel Semi-Matte Lipstick Always Apricot Semi-matte,20.00,,,,
10089640,Gel Semi-Matte Lipstick Bashful You Semi-matte,20.00,,,,
10141478,Gel Semi-Matte Lipstick Berry Famous Semi-matte,20.00,,,,
10157977,Gel Semi-Matte Lipstick Blush Velvet Semi-matte,20.00,,,,
10089647,Gel Semi-Matte Lipstick Crushed Berry Semi-matte,20.00,,,,
10089642,Gel Semi-Matte Lipstick Mauve Moment Semi-matte,20.00,,,,
10089646,Gel Semi-Matte Lipstick Midnight Red Semi-matte,20.00,,,,
10089645,Gel Semi-Matte Lipstick Poppy Please Semi-matte,20.00,,,,
10089643,Gel Semi-Matte Lipstick Powerful Pink Semi-matte,20.00,,,,
10157973,Gel Semi-Matte Lipstick Red Stiletto Semi-matte,20.00,,,,
10183277,Gel Semi-Matte Lipstick Subdued Nude Semi-matte,20.00,,,,
10141480,Gel Semi-Matte Lipstick Trademark Pink Semi-matte,20.00,,,,
10094640,Mary KayÂź Gel Semi-Shine Lipstick Apple Berry Shine,20.00,,,,
10094641,Mary KayÂź Gel Semi-Shine Lipstick Berry Couture Shine,20.00,,,,
10183278,Mary KayÂź Gel Semi-Shine Lipstick Downtown Brown Shine,20.00,,,,
10094636,Mary KayÂź Gel Semi-Shine Lipstick Haute Pink Shine,20.00,,,,
10094611,Mary KayÂź Gel Semi-Shine Lipstick Love Me Pink Shine,20.00,,,,
10094608,Mary KayÂź Gel Semi-Shine Lipstick Naturally Buff Shine,20.00,,,,
10094615,Mary KayÂź Gel Semi-Shine Lipstick Raspberry Ice Shine,20.00,,,,
10094614,Mary KayÂź Gel Semi-Shine Lipstick Red Smolder Shine,20.00,,,,
10094610,Mary KayÂź Gel Semi-Shine Lipstick Rosewood Shine,20.00,,,,
10094638,Mary KayÂź Gel Semi-Shine Lipstick Scarlet Red Shine,20.00,,,,
10094634,Mary KayÂź Gel Semi-Shine Lipstick Spiced Ginger Shine,20.00,,,,
10094637,Mary KayÂź Gel Semi-Shine Lipstick Sunset Peach Shine,20.00,,,,
10094639,Mary KayÂź Gel Semi-Shine Lipstick Luminous Lilac Shine,20.00,,,,
10155207,Mary KayÂź Supreme Hydrating Lipstick Better Than Bare Shine,20.00,,,,
10206309,Mary KayÂź Supreme Hydrating Lipstick Black Cherry Shine,20.00,,,,
10155222,Mary KayÂź Supreme Hydrating Lipstick Boho Plum Shine,20.00,,,,
10155212,Mary KayÂź Supreme Hydrating Lipstick Casual Rose Shine,20.00,,,,
10155218,Mary KayÂź Supreme Hydrating Lipstick Festive Pink Shine,20.00,,,,
10206304,Mary KayÂź Supreme Hydrating Lipstick Hushed Blush Shine,20.00,,,,
10206307,Mary KayÂź Supreme Hydrating Lipstick Natural Shine,20.00,,,,
10155214,Mary KayÂź Supreme Hydrating Lipstick Poetic Pink Shine,20.00,,,,
10155219,Mary KayÂź Supreme Hydrating Lipstick Rockstar Red Shine,20.00,,,,
10206306,Mary KayÂź Supreme Hydrating Lipstick Toasted Plum Shine,20.00,,,,
10249160,Mary KayÂź Supreme Hydrating Lipstick Mauve Crush Shine,20.00,,,,
10202993,Mary Kay Pro PaletteÂź (unfilled) (replacement product),28.00,,,,
10202992,Mary Kay Perfect PaletteÂź (unfilled),20.00,,,,
10114610,Mary Kay Petite PaletteÂź (unfilled),10.00,,,,
10134441,Palette Powder Brush,4.50,,,,
10134442,Palette Cheek Brush,2.00,,,,
10134452,Cosmetic Sponges,4.00,,,,
10114898,Mary KayÂź Blending Sponge,12.00,,,,
10128063,Mary KayÂź Blending Brush,16.00,,,,
10135951,Mary KayÂź Mask Applicator,12.00,,,,
10107305,Mary KayÂź Essential Brush Collection,60.00,,,,
10122325,Mary KayÂź Liquid Foundation Brush,14.00,,,,
10122329,Mary KayÂź Cream Color Brush,12.00,,,,
10122328,Mary KayÂź Eyebrow/Eyeliner Brush,10.00,,,,
10122320,Mary KayÂź All-Over Powder Brush,18.00,,,,
10122321,Mary KayÂź Cheek Brush,16.00,,,,
10168938,Mary KayÂź Eye Blending Brush,12.00,,,,
10122322,Mary KayÂź Eye Crease Brush,12.00,,,,
10122323,Mary KayÂź All-Over Eye Shadow Brush,12.00,,,,
10122324,Mary KayÂź Eye Smudger Brush,12.00,,,,
10143940,Mary KayÂź Travel Roll-Up Bag,40.00,,,,
10080376,Hello Clean,36.00,,,,
10162409,Mary KayÂź Apple & Almond Scented Body Lotion Apple & Almond,16.00,,,,
10162408,Mary KayÂź Apple & Almond Scented Shower Gel Apple & Almond,16.00,,,,
10162416,Mary KayÂź Berry & Vanilla Scented Body Lotion Berry & Vanilla,16.00,,,,
10162443,Mary KayÂź Berry & Vanilla Scented Shower Gel Berry & Vanilla,16.00,,,,
10136769,Mary KayÂź 2-In-1 Body Wash & Shave,18.00,,,,
10073789,Mary KayÂź Hydrating Lotion,18.00,,,,
10091504,White Tea & Citrus Satin BodyÂź Revitalizing Shea Scrub,22.00,,,,
10091502,White Tea & Citrus Satin BodyÂź Indulgent Shea Wash,22.00,,,,
10091493,White Tea & Citrus Satin BodyÂź Silkening Shea Lotion,22.00,,,,
10090638,White Tea & Citrus Satin HandsÂź Pampering Set,38.00,,,,
10088632,White Tea & Citrus Satin HandsÂź Nourishing Shea Cream,14.00,,,,
10156069,Fragrance-Free Satin HandsÂź Nourishing Shea Cream,14.00,,,,
10238148,Fragrance-Free Satin HandsÂź Pampering Set,38.00,,,,
10223788,Mint Blissâą Energizing Lotion for Feet & Legs,12.00,,,,
10235051,Mary Kay Confidently Youâą Eau de Parfum,55.00,,,,
10192900,BelaraÂź Eau de Parfum,44.00,,,,
10012512,Bella BelaraÂź Eau de Parfum,44.00,,,,
10095688,Enchanted WishÂź Eau de Toilette,40.00,,,,
10088620,Forever DiamondsÂź Eau de Parfum,46.00,,,,
10094305,Live FearlesslyÂź Eau de Parfum,48.00,,,,
10141779,Mary Kay Illumineaâą Extrait de Parfum,80.00,,,,
10218635,Thinking of YouÂź Eau de Parfum,36.00,,,,
10028783,DomainÂź Cologne Spray,42.00,,,,
10109680,MK High IntensityÂź Cologne Spray,46.00,,,,
10095123,MK High Intensity OceanÂź Cologne Spray,46.00,,,,
10075680,MK High IntensityÂź Sport Cologne Spray,46.00,,,,
10221421,CityscapeÂź Cologne Spray,56.00,,,,
10214815,Special Editionâ  Mary KayÂź Multi-Benefit Concealer Sample Strip/6 Light 1,2.50,,,,
10214817,Special Editionâ  Mary KayÂź Multi-Benefit Concealer Sample Strip/6 Light 3,2.50,,,,
10214816,Special Editionâ  Mary KayÂź Multi-Benefit Concealer Sample Strip/6 Light 2,2.50,,,,
10214818,Special Editionâ  Mary KayÂź Multi-Benefit Concealer Sample Strip/6 Medium 1,2.50,,,,
10214819,Special Editionâ  Mary KayÂź Multi-Benefit Concealer Sample Strip/6 Medium 2,2.50,,,,
10214820,Special Editionâ  Mary KayÂź Multi-Benefit Concealer Sample Strip/6 Medium 3,2.50,,,,
10209146,Special Editionâ  Mary KayÂź Multi-Benefit Concealer Sample Strip/6 Deep 1,2.50,,,,
10209147,Special Editionâ  Mary KayÂź Multi-Benefit Concealer Sample Strip/6 Deep 2,2.50,,,,
10209148,Special Editionâ  Mary KayÂź Multi-Benefit Concealer Sample Strip/6 Deep 3,2.50,,,,
10209139,Special Editionâ  Mary KayÂź Undereye Corrector Sample Strip/6 Light Peach,2.50,,,,
10209140,Special Editionâ  Mary KayÂź Undereye Corrector Sample Strip/6 Deep Peach,2.50,,,,
10256529,REVISED! Beauty Profile Cards (Version 9/25),1.25,,,,
10256530,ÂĄREVISADO! Tarjeta de Perfil de Belleza (VersiĂłn 9/25),1.25,,,,
10255674,REVISED! Flip Chart Pages (Version 9/25),3.00,,,,
10255675,ÂĄREVISADO! PĂĄginas del rotafolio (VersiĂłn 9/25),3.00,,,,
10255676,REVISED! Flip Chart Binder With Pages (Version 9/25),5.00,,,,
10255677,ÂĄREVISADO! Carpeta del rotafolio con pĂĄginas (VersiĂłn 9/25),5.00,,,,
10163901,Mary KayÂź Micellar Water Deluxe Mini,3.00,,,,
10198732,TimeWiseÂź Microdermabrasion Plus Set Deluxe Mini,5.00,,,,
10173683,TimeWise Replenishing Serum C+Eâą Deluxe Mini (single),4.00,,,,
10092104,Lash IntensityÂź Mascara Black Deluxe Mini Black,3.50,,,,
10179221,Mary KayÂź Oil-Free Eye Makeup Remover Deluxe Mini,4.00,,,,
10090685,White Tea & Citrus Satin Hands Deluxe Mini Set,4.00,,,,
10238190,Fragrance-Free Satin HandsÂź Deluxe Mini Set,4.00,,,,
10249183,Mary Kay UnlimitedÂź Lip Gloss Set Deluxe Mini (Single),8.00,,,,
10150128,White Tea & Citrus Satin BodyÂź Revitalizing Shea Scrub Deluxe Mini (single),1.50,,,,
10150131,White Tea & Citrus Satin BodyÂź Silkening Shea Lotion Deluxe Mini (single),1.50,,,,
10142149,TimeWiseÂź Matte 3D Foundation Samples Ivory C 100,2.00,,,,
10142153,TimeWiseÂź Matte 3D Foundation Samples Ivory C 110,2.00,,,,
10142154,TimeWiseÂź Matte 3D Foundation Samples Ivory W 130,2.00,,,,
10142155,TimeWiseÂź Matte 3D Foundation Samples Ivory N 140,2.00,,,,
10142157,TimeWiseÂź Matte 3D Foundation Samples Ivory W 150,2.00,,,,
10142156,TimeWiseÂź Matte 3D Foundation Samples Ivory N 160,2.00,,,,
10142158,TimeWiseÂź Matte 3D Foundation Samples Beige W 100,2.00,,,,
10142159,TimeWiseÂź Matte 3D Foundation Samples Beige C 110,2.00,,,,
10142160,TimeWiseÂź Matte 3D Foundation Samples Beige C 120,2.00,,,,
10142161,TimeWiseÂź Matte 3D Foundation Samples Beige C 130,2.00,,,,
10142162,TimeWiseÂź Matte 3D Foundation Samples Beige C 140,2.00,,,,
10142163,TimeWiseÂź Matte 3D Foundation Samples Beige N 150,2.00,,,,
10142164,TimeWiseÂź Matte 3D Foundation Samples Beige W 160,2.00,,,,
10142165,TimeWiseÂź Matte 3D Foundation Samples Beige C 170,2.00,,,,
10142166,TimeWiseÂź Matte 3D Foundation Samples Beige W 180,2.00,,,,
10142167,TimeWiseÂź Matte 3D Foundation Samples Beige N 190,2.00,,,,
10142168,TimeWiseÂź Matte 3D Foundation Samples Beige N 200,2.00,,,,
10142169,TimeWiseÂź Matte 3D Foundation Samples Beige N 210,2.00,,,,
10142170,TimeWiseÂź Matte 3D Foundation Samples Beige C 220,2.00,,,,
10142171,TimeWiseÂź Matte 3D Foundation Samples Bronze W 100,2.00,,,,
10142172,TimeWiseÂź Matte 3D Foundation Samples Bronze W 110,2.00,,,,
10142173,TimeWiseÂź Matte 3D Foundation Samples Bronze W 120,2.00,,,,
10142174,TimeWiseÂź Matte 3D Foundation Samples Bronze W 130,2.00,,,,
10142175,TimeWiseÂź Matte 3D Foundation Samples Bronze W 140,2.00,,,,
10142176,TimeWiseÂź Matte 3D Foundation Samples Bronze W 150,2.00,,,,
10142177,TimeWiseÂź Matte 3D Foundation Samples Bronze C 160,2.00,,,,
10142178,TimeWiseÂź Matte 3D Foundation Samples Bronze C 170,2.00,,,,
10142179,TimeWiseÂź Matte 3D Foundation Samples Bronze C 180,2.00,,,,
10142150,TimeWiseÂź Luminous 3D Foundation Samples Ivory C 100,2.00,,,,
10142180,TimeWiseÂź Luminous 3D Foundation Samples Ivory C 110,2.00,,,,
10142181,TimeWiseÂź Luminous 3D Foundation Samples Ivory W 120,2.00,,,,
10142182,TimeWiseÂź Luminous 3D Foundation Samples Ivory W 130,2.00,,,,
10142183,TimeWiseÂź Luminous 3D Foundation Samples Ivory N 140,2.00,,,,
10142185,TimeWiseÂź Luminous 3D Foundation Samples Ivory W 150,2.00,,,,
10142184,TimeWiseÂź Luminous 3D Foundation Samples Ivory N 160,2.00,,,,
10142186,TimeWiseÂź Luminous 3D Foundation Samples Beige W 100,2.00,,,,
10142187,TimeWiseÂź Luminous 3D Foundation Samples Beige C 110,2.00,,,,
10142188,TimeWiseÂź Luminous 3D Foundation Samples Beige C 120,2.00,,,,
10142198,TimeWiseÂź Luminous 3D Foundation Samples Beige C 130,2.00,,,,
10142199,TimeWiseÂź Luminous 3D Foundation Samples Beige C 140,2.00,,,,
10142205,TimeWiseÂź Luminous 3D Foundation Samples Beige N 150,2.00,,,,
10142206,TimeWiseÂź Luminous 3D Foundation Samples Beige W 160,2.00,,,,
10142207,TimeWiseÂź Luminous 3D Foundation Samples Beige W 180,2.00,,,,
10142208,TimeWiseÂź Luminous 3D Foundation Samples Beige N 190,2.00,,,,
10142210,TimeWiseÂź Luminous 3D Foundation Samples Beige N 210,2.00,,,,
10142211,TimeWiseÂź Luminous 3D Foundation Samples Beige C 220,2.00,,,,
10260395,Sales Tickets pk/50 - English (replacement product),2.00,,,,
10260394,Sales Tickets pk/50 - Spanish (replacement product),2.00,,,,
10247055,Mary KayÂź âenriching womenâs livesÂźâ Car Decal (Version 8/24),0.75,,,,
10245287,Mary KayÂź Logo Pin,2.50,,,,
10172329,Mary Kay On People Management (35th Anniversary Edition),14.95,,,,
10172332,Mary Kay On People Management (EdiciĂłn del 35Âș Aniversario),14.95,,,,
10510200,Miracles Happen - Mary Kay Autobiography (Spanish),3.00,,,,
10300400,Miracles Happen - Mary Kay Autobiography (English),3.00,,,,
10177813,Breast Self-Exam Shower Cards (bilingual),7.00,,,,
10110060,Mary Kay NaturallyÂź Purifying Cleanser,28.00,,,,
10135590,Skinvigorate Sonicâą Facial Massage Head,25.00,,,,
10092185,Mary KayÂź Undereye Corrector,16.00,,,,
10092191,Mary KayÂź Perfecting Concealer Light Ivory,16.00,,,,
10092192,Mary KayÂź Perfecting Concealer Deep Ivory,16.00,,,,
10092194,Mary KayÂź Perfecting Concealer Deep Beige,16.00,,,,
10092195,Mary KayÂź Perfecting Concealer Light Bronze,16.00,,,,
10153488,Mary Kay UnlimitedÂź Lip Gloss Soft Nude Pearl,18.00,,,,
10153487,Mary Kay UnlimitedÂź Lip Gloss Evening Berry Pearl,18.00,,,,
10155215,Mary KayÂź Supreme Hydrating Lipstick Coral Confetti Shine,20.00,,,,
10155221,Mary KayÂź Supreme Hydrating Lipstick Fuchsia Dream Shine,20.00,,,,
10200873,Mary KayÂź Supreme Hydrating Lipstick Think of Pink Shine,20.00,,,,
10200874,Mary KayÂź Supreme Hydrating Lipstick Very Raspberry Shine,20.00,,,,
10212559,Lash LoveÂź Waterproof Mascara I â„ Black,16.00,,,,
10149211,Mary KayÂź Liquid Eye Shadow Meteor Shower Shimmer,16.00,,,,
10149208,Mary KayÂź Liquid Eye Shadow Light Beam Shimmer,16.00,,,,
10048515,True OriginalÂź Cologne Spray,42.00,,,,
10222709,Limited-Editionâ  Mary KayÂź Lavender & Coconut Scented Shower Gel,16.00,,,,
10237969,Limited-Editionâ  Mary KayÂź Lavender & Coconut Body Spray,18.00,,,,
10198741,TimeWiseÂź Microdermabrasion Plus Sample Set,3.00,,,,