sku,product_name,price,search_terms,date_added,last_seen,display_name_card,display_name_sms
10235578,Mary Kay Hydrating Cream Mask,24.00,,,2026-04-08,Hydrating Cream Mask,Hydrating Cream Mask
10261957,Mix & Mask,50.00,,,2026-04-08,Mix & Mask,Mix & Mask
10229067,Mary Kay After-Sun Replenishing Gel de edición especial,20.00,,,2026-04-08,After-Sun Replenishing Gel de edición especial,After-Sun Replenishing Gel
10237926,Mary Kay Unlimited Lip Gloss de edición limitada - Lilac Love,18.00,,,2026-04-08,Unlimited Lip Gloss de edición limitada - Lilac Love,Unlimited Lip Gloss
10237927,Mary Kay Unlimited Lip Gloss de edición limitada - Cherry Red,18.00,,,2026-04-08,Unlimited Lip Gloss de edición limitada - Cherry Red,Unlimited Lip Gloss
10237928,Mary Kay Unlimited Lip Gloss de edición limitada - Rose Noir,18.00,,,2026-04-08,Unlimited Lip Gloss de edición limitada - Rose Noir,Unlimited Lip Gloss
10257563,Paquete Citrus & Shea de edición limitada,28.00,,,2026-04-08,Paquete Citrus & Shea de edición limitada,Paquete Citrus & Shea
10233594,Mary Kay Illuminating Bronzer de edición limitada - Medium Glow,22.00,,,2026-04-08,Illuminating Bronzer de edición limitada - Medium Glow,Illuminating Bronzer
10233595,Mary Kay Illuminating Bronzer de edición limitada - Deep Glow,22.00,,,2026-04-08,Illuminating Bronzer de edición limitada - Deep Glow,Illuminating Bronzer
10235072,Mary Kay Nourishing Oil,50.00,,,2026-04-08,Nourishing Oil,Nourishing Oil
10230672,Mary Kay Hydrating Regimen - Normal/Reseca,80.00,skin care,,2026-04-08,Hydrating Regimen - Normal/Reseca,Hydrating Regimen
10230673,Mary Kay Mattifying Regimen - Combinada/grasa,80.00,skin care,,2026-04-08,Mattifying Regimen - Combinada/grasa,Mattifying Regimen
10201304,Mary Kay Hydrating Cleanser,20.00,,,2026-04-08,Hydrating Cleanser,Hydrating Cleanser
10201374,Mary Kay Hydrating Moisturizer,20.00,,,2026-04-08,Hydrating Moisturizer,Hydrating Moisturizer
10201340,Mary Kay Mattifying Cleanser,20.00,,,2026-04-08,Mattifying Cleanser,Mattifying Cleanser
10201376,Mary Kay Mattifying Moisturizer,20.00,,,2026-04-08,Mattifying Moisturizer,Mattifying Moisturizer
10201395,Mary Kay Exfoliating Scrub,20.00,,,2026-04-08,Exfoliating Scrub,Exfoliating Scrub
10201384,Mary Kay Balancing Toner,20.00,,,2026-04-08,Balancing Toner,Balancing Toner
10204126,Mary Kay Hydrating Go Set - Normal/Reseca,22.00,,,2026-04-08,Hydrating Go Set - Normal/Reseca,Hydrating Go Set
10204143,Mary Kay Mattifying Go Set - Combinada/grasa,22.00,,,2026-04-08,Mattifying Go Set - Combinada/grasa,Mattifying Go Set
10219506,TimeWise Targeted-Action Toning Lotion,36.00,,,2026-04-08,TimeWise Targeted-Action Toning Lotion,TimeWise Targeted-Action Toning Lotion
10217417,Juego Milagroso TimeWise - Normal/Reseca,116.00,,,2026-04-08,Juego Milagroso TimeWise - Normal/Reseca,Juego Milagroso TimeWise
10217415,Juego Milagroso TimeWise - Combinada/grasa,116.00,,,2026-04-08,Juego Milagroso TimeWise - Combinada/grasa,Juego Milagroso TimeWise
10223243,Juego Milagroso TimeWise Ultimate - Normal/reseca,150.00,,,2026-04-08,Juego Milagroso TimeWise Ultimate - Normal/reseca,Juego Milagroso TimeWise Ultimate
10223244,Juego Milagroso TimeWise Ultimate - Combinada/Grasa,150.00,,,2026-04-08,Juego Milagroso TimeWise Ultimate - Combinada/Grasa,Juego Milagroso TimeWise Ultimate
10223246,Juego Milagroso TimeWise Beyond Ultimate - Normal/Reseca,208.00,,,2026-04-08,Juego Milagroso TimeWise Beyond Ultimate - Normal/Reseca,Juego Milagroso TimeWise Beyond Ultimate
10223245,Juego Milagroso TimeWise Beyond Ultimate - Combinada/Grasa,208.00,,,2026-04-08,Juego Milagroso TimeWise Beyond Ultimate - Combinada/Grasa,Juego Milagroso TimeWise Beyond Ultimate
10217385,TimeWise Daytime Defender Sunscreen Broad Spectrum SPF 30,34.00,,,2026-04-08,TimeWise Daytime Defender,TimeWise Daytime Defender
10217387,TimeWise Nighttime Recovery,34.00,,,2026-04-08,TimeWise Nighttime Recovery,TimeWise Nighttime Recovery
10217393,TimeWise Antioxidant Moisturizer - Normal/Reseca,34.00,,,2026-04-08,TimeWise Antioxidant Moisturizer - Normal/Reseca,TimeWise Antioxidant Moisturizer
10217391,TimeWise Antioxidant Moisturizer - Combinada/Grasa,34.00,,,2026-04-08,TimeWise Antioxidant Moisturizer - Combinada/Grasa,TimeWise Antioxidant Moisturizer
10217408,TimeWise Eye Cream,38.00,,,2026-04-08,TimeWise Eye Cream,TimeWise Eye Cream
10254234,TimeWise 4-in-1 Cleanser - Normal/Reseca,26.00,,2026-04-08,2026-04-08,TimeWise 4-in-1 Cleanser - Normal/Reseca,TimeWise 4-in-1 Cleanser
10217404,TimeWise 4-in-1 Cleanser - Combinada/Grasa,26.00,,2026-04-08,2026-04-08,TimeWise 4-in-1 Cleanser - Combinada/Grasa,TimeWise 4-in-1 Cleanser
10217456,Juego Milagroso TimeWise The Go Set - Normal/Reseca,28.00,,,2026-04-08,Juego Milagroso TimeWise The Go Set - Normal/Reseca,Juego Milagroso TimeWise The Go Set
10217455,Juego Milagroso TimeWise The Go Set - Combinada/Grasa,28.00,,,2026-04-08,Juego Milagroso TimeWise The Go Set - Combinada/Grasa,Juego Milagroso TimeWise The Go Set
10198866,TimeWise Microdermabrasion Plus Set,58.00,,,2026-04-08,TimeWise Microdermabrasion Plus Set,TimeWise Microdermabrasion Plus Set
10198715,TimeWise Pore Minimizer,28.00,,,2026-04-08,TimeWise Pore Minimizer,TimeWise Pore Minimizer
10171886,TimeWise Replenishing Serum C+E,60.00,,,2026-04-08,TimeWise Replenishing Serum C+E,TimeWise Replenishing Serum C+E
10225538,TimeWise Firming Eye Cream,34.00,,,2026-04-08,TimeWise Firming Eye Cream,TimeWise Firming Eye Cream
10224657,TimeWise Microdermabrasion Refine,36.00,,,2026-04-08,TimeWise Microdermabrasion Refine,TimeWise Microdermabrasion Refine
10071883,TimeWise Repair Volu-Fill Deep Wrinkle Filler,50.00,,,2026-04-08,TimeWise Repair Volu-Fill Deep Wrinkle Filler,TimeWise Repair Volu-Fill Deep Wrinkle Filler
10088897,TimeWise Repair Revealing Radiance Facial Peel,68.00,,,2026-04-08,TimeWise Repair Revealing Radiance Facial Peel,TimeWise Repair Revealing Radiance Facial Peel
10107547,TimeWise Repair Lifting Bio-Cellulose Mask,70.00,,,2026-04-08,TimeWise Repair Lifting Bio-Cellulose Mask,TimeWise Repair Lifting Bio-Cellulose Mask
10208384,TimeWise Repair Volu-Firm Day Cream Sunscreen Broad Spectrum SPF 30,54.00,,,2026-04-08,TimeWise Repair Volu-Firm Day Cream,TimeWise Repair Volu-Firm Day Cream
10208386,TimeWise Repair Volu-Firm Night Treatment With Retinol,54.00,,,2026-04-08,TimeWise Repair Volu-Firm Night Treatment With Retinol,TimeWise Repair Volu-Firm Night Treatment With Retinol
10208547,TimeWise Repair Volu-Firm Eye Renewal Cream,44.00,,,2026-04-08,TimeWise Repair Volu-Firm Eye Renewal Cream,TimeWise Repair Volu-Firm Eye Renewal Cream
10211389,TimeWise Repair Volu-Firm The Go Set,38.00,,,2026-04-08,TimeWise Repair Volu-Firm The Go Set,TimeWise Repair Volu-Firm The Go Set
10257257,TimeWise Repair Volu-Firm Foaming Cleanser,30.00,,2026-04-07,2026-04-08,TimeWise Repair Volu-Firm Foaming Cleanser,TimeWise Repair Volu-Firm Foaming Cleanser
10208543,TimeWise Repair Volu-Firm Advanced Lifting Serum,74.00,,,2026-04-08,TimeWise Repair Volu-Firm Advanced Lifting Serum,TimeWise Repair Volu-Firm Advanced Lifting Serum
10211954,TimeWise Repair Volu-Firm Set,225.00,,,2026-04-08,TimeWise Repair Volu-Firm Set,TimeWise Repair Volu-Firm Set
10236194,TimeWise Repair Ultimate Volu-Firm Set,343.00,,,2026-04-08,TimeWise Repair Ultimate Volu-Firm Set,TimeWise Repair Ultimate Volu-Firm Set
10234061,Mary Kay Clinical Solutions Barrier Restore 1:1:3,46.00,,,2026-04-08,Clinical Solutions Barrier Restore 1:1:3,Clinical Solutions Barrier Restore 1:1:3
10238881,Mary Kay Clinical Solutions Retinol 0.3,70.00,,,2026-04-08,Clinical Solutions Retinol 0.3,Clinical Solutions Retinol 0.3
10227734,Mary Kay Clinical Solutions Dynamic Wrinkle Limiter,58.00,,,2026-04-08,Clinical Solutions Dynamic Wrinkle Limiter,Clinical Solutions Dynamic Wrinkle Limiter
10177899,Mary Kay Clinical Solutions C + Resveratrol Line-Reducer,38.00,,,2026-04-08,Clinical Solutions C + Resveratrol Line-Reducer,Clinical Solutions C + Resveratrol Line-Reducer
10177906,Mary Kay Clinical Solutions HA + Ceramide Hydrator,38.00,,,2026-04-08,Clinical Solutions HA + Ceramide Hydrator,Clinical Solutions HA + Ceramide Hydrator
10177902,Mary Kay Clinical Solutions Ferulic + Niacinamide Brightener,38.00,,,2026-04-08,Clinical Solutions Ferulic + Niacinamide Brightener,Clinical Solutions Ferulic + Niacinamide Brightener
10177904,Mary Kay Clinical Solutions PHA + AHA Resurfacer,38.00,,,2026-04-08,Clinical Solutions PHA + AHA Resurfacer,Clinical Solutions PHA + AHA Resurfacer
10056743,Clear Proof Blemish Control Toner,18.00,,,2026-04-08,Clear Proof Blemish Control Toner,Clear Proof Blemish Control Toner
10095054,Clear Proof Acne Treatment Gel,14.00,,,2026-04-08,Clear Proof Acne Treatment Gel,Clear Proof Acne Treatment Gel
10094148,Clear Proof Deep-Cleansing Charcoal Mask,26.00,,,2026-04-08,Clear Proof Deep-Cleansing Charcoal Mask,Clear Proof Deep-Cleansing Charcoal Mask
10233587,Clear Proof Acne System Set,56.00,,,2026-04-08,Clear Proof Acne System Set,Clear Proof Acne System Set
10233551,Clear Proof Clarifying Cleansing Gel,20.00,,,2026-04-08,Clear Proof Clarifying Cleansing Gel,Clear Proof Clarifying Cleansing Gel
10241535,Clear Proof Oil-Free Moisturizer for Acne-Prone Skin,22.00,,,2026-04-08,Clear Proof Oil-Free Moisturizer for Acne-Prone Skin,Clear Proof Oil-Free Moisturizer for Acne-Prone Skin
10242538,MKMen Regimen,70.00,,,2026-04-08,MKMen Regimen,MKMen Regimen
10234778,MKMen Daily Facial Wash,20.00,,,2026-04-08,MKMen Daily Facial Wash,MKMen Daily Facial Wash
10234520,MKMen Moisturizing Shave Cream,20.00,,,2026-04-08,MKMen Moisturizing Shave Cream,MKMen Moisturizing Shave Cream
10234780,MKMen Ultimate Moisturizer,30.00,,,2026-04-08,MKMen Ultimate Moisturizer,MKMen Ultimate Moisturizer
10183253,Mary Kay Mineral Facial Sunscreen Broad Spectrum SPF 30,28.00,,,2026-04-08,Mineral Facial Sunscreen,Mineral Facial Sunscreen
10173736,Mary Kay Instant Puffiness Reducer,38.00,,,2026-04-08,Instant Puffiness Reducer,Instant Puffiness Reducer
10190660,Indulge Soothing Eye Gel,20.00,,,2026-04-08,Indulge Soothing Eye Gel,Indulge Soothing Eye Gel
10179024,Mary Kay Oil-Free Eye Makeup Remover,20.00,,,2026-04-08,Oil-Free Eye Makeup Remover,Oil-Free Eye Makeup Remover
10203701,"Mary Kay Hydrogel Eye Patches, paq./30 pares",44.00,,,2026-04-08,"Hydrogel Eye Patches, paq./30 pares","Hydrogel Eye Patches, paq./30 pares"
10098324,White Tea & Citrus Satin Lips Set,26.00,,,2026-04-08,White Tea & Citrus Satin Lips Set,White Tea & Citrus Satin Lips Set
10186363,White Tea & Citrus Satin Lips Shea Sugar Scrub,14.00,,,2026-04-08,White Tea & Citrus Satin Lips Shea Sugar Scrub,White Tea & Citrus Satin Lips Shea Sugar Scrub
10138754,White Tea & Citrus Satin Lips Shea Butter Balm,14.00,,,2026-04-08,White Tea & Citrus Satin Lips Shea Butter Balm,White Tea & Citrus Satin Lips Shea Butter Balm
10160886,Mary Kay Micellar Water,18.00,,,2026-04-08,Micellar Water,Micellar Water
10041758,Beauty Blotters Oil-Absorbing Tissues,8.00,,,2026-04-08,Beauty Blotters Oil-Absorbing Tissues,Beauty Blotters Oil-Absorbing Tissues
10072682,Mary Kay Extra Emollient Night Cream,18.00,,,2026-04-08,Extra Emollient Night Cream,Extra Emollient Night Cream
10031541,Mary Kay Intense Moisturizing Cream (Dry),36.00,,,2026-04-08,Intense Moisturizing Cream (Dry),Intense Moisturizing Cream (Dry)
10197545,Mary Kay Oil-Free Hydrating Gel (Normal/Grasa),36.00,,,2026-04-08,Oil-Free Hydrating Gel (Normal/Grasa),Oil-Free Hydrating Gel (Normal/Grasa)
10237287,Mary Kay Sunscreen Broad Spectrum SPF 50,30.00,,,2026-04-08,Sunscreen,Sunscreen
10152557,Mary Kay Makeup Finishing Spray by Skindinävia,20.00,,,2026-04-08,Makeup Finishing Spray by Skindinävia,Makeup Finishing Spray by Skindinävia
10210476,Mary Kay Multi-Benefit Concealer - Light 1,18.00,,,2026-04-08,Multi-Benefit Concealer - Light 1,Multi-Benefit Concealer
10210477,Mary Kay Multi-Benefit Concealer - Light 2,18.00,,,2026-04-08,Multi-Benefit Concealer - Light 2,Multi-Benefit Concealer
10210478,Mary Kay Multi-Benefit Concealer - Light 3,18.00,,,2026-04-08,Multi-Benefit Concealer - Light 3,Multi-Benefit Concealer
10210479,Mary Kay Multi-Benefit Concealer - Medium 1,18.00,,,2026-04-08,Multi-Benefit Concealer - Medium 1,Multi-Benefit Concealer
10210480,Mary Kay Multi-Benefit Concealer - Medium 2,18.00,,,2026-04-08,Multi-Benefit Concealer - Medium 2,Multi-Benefit Concealer
10210481,Mary Kay Multi-Benefit Concealer - Medium 3,18.00,,,2026-04-08,Multi-Benefit Concealer - Medium 3,Multi-Benefit Concealer
10210482,Mary Kay Multi-Benefit Concealer - Deep 1,18.00,,,2026-04-08,Multi-Benefit Concealer - Deep 1,Multi-Benefit Concealer
10210483,Mary Kay Multi-Benefit Concealer - Deep 2,18.00,,,2026-04-08,Multi-Benefit Concealer - Deep 2,Multi-Benefit Concealer
10214386,Mary Kay Multi-Benefit Concealer - Deep 3,18.00,,,2026-04-08,Multi-Benefit Concealer - Deep 3,Multi-Benefit Concealer
10211391,Mary Kay Undereye Corrector - Light Peach,18.00,,,2026-04-08,Undereye Corrector - Light Peach,Undereye Corrector
10211392,Mary Kay Undereye Corrector - Deep Peach,18.00,,,2026-04-08,Undereye Corrector - Deep Peach,Undereye Corrector
10072822,Mary Kay CC Cream Sunscreen Broad Spectrum SPF 15 - Very Light,22.00,,,2026-04-08,CC Cream - Very Light,CC Cream
10072823,Mary Kay CC Cream Sunscreen Broad Spectrum SPF 15 - Light-to-Medium,22.00,,,2026-04-08,CC Cream - Light-to-Medium,CC Cream
10072824,Mary Kay CC Cream Sunscreen Broad Spectrum SPF 15 - Medium-to-Deep,22.00,,,2026-04-08,CC Cream - Medium-to-Deep,CC Cream
10072825,Mary Kay CC Cream Sunscreen Broad Spectrum SPF 15 - Deep,22.00,,,2026-04-08,CC Cream - Deep,CC Cream
10086620,Mary Kay CC Cream Sunscreen Broad Spectrum SPF 15 - Very Deep,22.00,,,2026-04-08,CC Cream - Very Deep,CC Cream
10099957,TimeWise Matte 3D Foundation - Ivory C 100,26.00,,,2026-04-08,TimeWise Matte 3D Foundation - Ivory C 100,TimeWise Matte 3D Foundation
10099958,TimeWise Matte 3D Foundation - Ivory C 110,26.00,,,2026-04-08,TimeWise Matte 3D Foundation - Ivory C 110,TimeWise Matte 3D Foundation
10099961,TimeWise Matte 3D Foundation - Ivory W 130,26.00,,,2026-04-08,TimeWise Matte 3D Foundation - Ivory W 130,TimeWise Matte 3D Foundation
10099962,TimeWise Matte 3D Foundation - Ivory N 140,26.00,,,2026-04-08,TimeWise Matte 3D Foundation - Ivory N 140,TimeWise Matte 3D Foundation
10099964,TimeWise Matte 3D Foundation - Ivory W 150,26.00,,,2026-04-08,TimeWise Matte 3D Foundation - Ivory W 150,TimeWise Matte 3D Foundation
10099963,TimeWise Matte 3D Foundation - Ivory N 160,26.00,,,2026-04-08,TimeWise Matte 3D Foundation - Ivory N 160,TimeWise Matte 3D Foundation
10099965,TimeWise Matte 3D Foundation - Beige W 100,26.00,,,2026-04-08,TimeWise Matte 3D Foundation - Beige W 100,TimeWise Matte 3D Foundation
10099966,TimeWise Matte 3D Foundation - Beige C 110,26.00,,,2026-04-08,TimeWise Matte 3D Foundation - Beige C 110,TimeWise Matte 3D Foundation
10099967,TimeWise Matte 3D Foundation - Beige C 120,26.00,,,2026-04-08,TimeWise Matte 3D Foundation - Beige C 120,TimeWise Matte 3D Foundation
10099968,TimeWise Matte 3D Foundation - Beige C 130,26.00,,,2026-04-08,TimeWise Matte 3D Foundation - Beige C 130,TimeWise Matte 3D Foundation
10099969,TimeWise Matte 3D Foundation - Beige C 140,26.00,,,2026-04-08,TimeWise Matte 3D Foundation - Beige C 140,TimeWise Matte 3D Foundation
10099970,TimeWise Matte 3D Foundation - Beige N 150,26.00,,,2026-04-08,TimeWise Matte 3D Foundation - Beige N 150,TimeWise Matte 3D Foundation
10099971,TimeWise Matte 3D Foundation - Beige W 160,26.00,,,2026-04-08,TimeWise Matte 3D Foundation - Beige W 160,TimeWise Matte 3D Foundation
10099972,TimeWise Matte 3D Foundation - Beige C 170,26.00,,,2026-04-08,TimeWise Matte 3D Foundation - Beige C 170,TimeWise Matte 3D Foundation
10099973,TimeWise Matte 3D Foundation - Beige W 180,26.00,,,2026-04-08,TimeWise Matte 3D Foundation - Beige W 180,TimeWise Matte 3D Foundation
10099974,TimeWise Matte 3D Foundation - Beige N 190,26.00,,,2026-04-08,TimeWise Matte 3D Foundation - Beige N 190,TimeWise Matte 3D Foundation
10099975,TimeWise Matte 3D Foundation - Beige N 200,26.00,,,2026-04-08,TimeWise Matte 3D Foundation - Beige N 200,TimeWise Matte 3D Foundation
10099976,TimeWise Matte 3D Foundation - Beige N 210,26.00,,,2026-04-08,TimeWise Matte 3D Foundation - Beige N 210,TimeWise Matte 3D Foundation
10099977,TimeWise Matte 3D Foundation - Beige C 220,26.00,,,2026-04-08,TimeWise Matte 3D Foundation - Beige C 220,TimeWise Matte 3D Foundation
10099978,TimeWise Matte 3D Foundation - Bronze W 100,26.00,,,2026-04-08,TimeWise Matte 3D Foundation - Bronze W 100,TimeWise Matte 3D Foundation
10099979,TimeWise Matte 3D Foundation - Bronze W 110,26.00,,,2026-04-08,TimeWise Matte 3D Foundation - Bronze W 110,TimeWise Matte 3D Foundation
10099980,TimeWise Matte 3D Foundation - Bronze W 120,26.00,,,2026-04-08,TimeWise Matte 3D Foundation - Bronze W 120,TimeWise Matte 3D Foundation
10099981,TimeWise Matte 3D Foundation - Bronze W 130,26.00,,,2026-04-08,TimeWise Matte 3D Foundation - Bronze W 130,TimeWise Matte 3D Foundation
10099982,TimeWise Matte 3D Foundation - Bronze W 140,26.00,,,2026-04-08,TimeWise Matte 3D Foundation - Bronze W 140,TimeWise Matte 3D Foundation
10100036,TimeWise Matte 3D Foundation - Bronze W 150,26.00,,,2026-04-08,TimeWise Matte 3D Foundation - Bronze W 150,TimeWise Matte 3D Foundation
10100038,TimeWise Matte 3D Foundation - Bronze C 160,26.00,,,2026-04-08,TimeWise Matte 3D Foundation - Bronze C 160,TimeWise Matte 3D Foundation
10100039,TimeWise Matte 3D Foundation - Bronze C 170,26.00,,,2026-04-08,TimeWise Matte 3D Foundation - Bronze C 170,TimeWise Matte 3D Foundation
10100040,TimeWise Matte 3D Foundation - Bronze C 180,26.00,,,2026-04-08,TimeWise Matte 3D Foundation - Bronze C 180,TimeWise Matte 3D Foundation
10100011,TimeWise Luminous 3D Foundation - Ivory C 100,26.00,,,2026-04-08,TimeWise Luminous 3D Foundation - Ivory C 100,TimeWise Luminous 3D Foundation
10100012,TimeWise Luminous 3D Foundation - Ivory C 110,26.00,,,2026-04-08,TimeWise Luminous 3D Foundation - Ivory C 110,TimeWise Luminous 3D Foundation
10100013,TimeWise Luminous 3D Foundation - Ivory W 120,26.00,,,2026-04-08,TimeWise Luminous 3D Foundation - Ivory W 120,TimeWise Luminous 3D Foundation
10100014,TimeWise Luminous 3D Foundation - Ivory W 130,26.00,,,2026-04-08,TimeWise Luminous 3D Foundation - Ivory W 130,TimeWise Luminous 3D Foundation
10100015,TimeWise Luminous 3D Foundation - Ivory N 140,26.00,,,2026-04-08,TimeWise Luminous 3D Foundation - Ivory N 140,TimeWise Luminous 3D Foundation
10100018,TimeWise Luminous 3D Foundation - Ivory W 150,26.00,,,2026-04-08,TimeWise Luminous 3D Foundation - Ivory W 150,TimeWise Luminous 3D Foundation
10100017,TimeWise Luminous 3D Foundation - Ivory N 160,26.00,,,2026-04-08,TimeWise Luminous 3D Foundation - Ivory N 160,TimeWise Luminous 3D Foundation
10100019,TimeWise Luminous 3D Foundation - Beige W 100,26.00,,,2026-04-08,TimeWise Luminous 3D Foundation - Beige W 100,TimeWise Luminous 3D Foundation
10100020,TimeWise Luminous 3D Foundation - Beige C 110,26.00,,,2026-04-08,TimeWise Luminous 3D Foundation - Beige C 110,TimeWise Luminous 3D Foundation
10100022,TimeWise Luminous 3D Foundation - Beige C 120,26.00,,,2026-04-08,TimeWise Luminous 3D Foundation - Beige C 120,TimeWise Luminous 3D Foundation
10100023,TimeWise Luminous 3D Foundation - Beige C 130,26.00,,,2026-04-08,TimeWise Luminous 3D Foundation - Beige C 130,TimeWise Luminous 3D Foundation
10100024,TimeWise Luminous 3D Foundation - Beige C 140,26.00,,,2026-04-08,TimeWise Luminous 3D Foundation - Beige C 140,TimeWise Luminous 3D Foundation
10100025,TimeWise Luminous 3D Foundation - Beige N 150,26.00,,,2026-04-08,TimeWise Luminous 3D Foundation - Beige N 150,TimeWise Luminous 3D Foundation
10100026,TimeWise Luminous 3D Foundation - Beige W 160,26.00,,,2026-04-08,TimeWise Luminous 3D Foundation - Beige W 160,TimeWise Luminous 3D Foundation
10100027,TimeWise Luminous 3D Foundation - Beige W 180,26.00,,,2026-04-08,TimeWise Luminous 3D Foundation - Beige W 180,TimeWise Luminous 3D Foundation
10100028,TimeWise Luminous 3D Foundation - Beige N 190,26.00,,,2026-04-08,TimeWise Luminous 3D Foundation - Beige N 190,TimeWise Luminous 3D Foundation
10100030,TimeWise Luminous 3D Foundation - Beige N 210,26.00,,,2026-04-08,TimeWise Luminous 3D Foundation - Beige N 210,TimeWise Luminous 3D Foundation
10100031,TimeWise Luminous 3D Foundation - Beige C 220,26.00,,,2026-04-08,TimeWise Luminous 3D Foundation - Beige C 220,TimeWise Luminous 3D Foundation
10154138,TimeWise Luminous 3D Foundation - Bronze W 100,26.00,,,2026-04-08,TimeWise Luminous 3D Foundation - Bronze W 100,TimeWise Luminous 3D Foundation
10154140,TimeWise Luminous 3D Foundation - Bronze W 130,26.00,,,2026-04-08,TimeWise Luminous 3D Foundation - Bronze W 130,TimeWise Luminous 3D Foundation
10154141,TimeWise Luminous 3D Foundation - Bronze W 150,26.00,,,2026-04-08,TimeWise Luminous 3D Foundation - Bronze W 150,TimeWise Luminous 3D Foundation
10154142,TimeWise Luminous 3D Foundation - Bronze C 160,26.00,,,2026-04-08,TimeWise Luminous 3D Foundation - Bronze C 160,TimeWise Luminous 3D Foundation
10154143,TimeWise Luminous 3D Foundation - Bronze C 170,26.00,,,2026-04-08,TimeWise Luminous 3D Foundation - Bronze C 170,TimeWise Luminous 3D Foundation
10175890,Mary Kay Silky Setting Powder - Light Ivory,20.00,,,2026-04-08,Silky Setting Powder - Light Ivory,Silky Setting Powder
10175891,Mary Kay Silky Setting Powder - Light-Medium Ivory,20.00,,,2026-04-08,Silky Setting Powder - Light-Medium Ivory,Silky Setting Powder
10175892,Mary Kay Silky Setting Powder - Medium Ivory,20.00,,,2026-04-08,Silky Setting Powder - Medium Ivory,Silky Setting Powder
10175893,Mary Kay Silky Setting Powder - Deep Ivory,20.00,,,2026-04-08,Silky Setting Powder - Deep Ivory,Silky Setting Powder
10175894,Mary Kay Silky Setting Powder - Light Beige,20.00,,,2026-04-08,Silky Setting Powder - Light Beige,Silky Setting Powder
10175895,Mary Kay Silky Setting Powder - Light-Medium Beige,20.00,,,2026-04-08,Silky Setting Powder - Light-Medium Beige,Silky Setting Powder
10175896,Mary Kay Silky Setting Powder - Medium Beige,20.00,,,2026-04-08,Silky Setting Powder - Medium Beige,Silky Setting Powder
10175897,Mary Kay Silky Setting Powder - Deep Beige,20.00,,,2026-04-08,Silky Setting Powder - Deep Beige,Silky Setting Powder
10175898,Mary Kay Silky Setting Powder - Light Bronze,20.00,,,2026-04-08,Silky Setting Powder - Light Bronze,Silky Setting Powder
10175899,Mary Kay Silky Setting Powder - Light-Medium Bronze,20.00,,,2026-04-08,Silky Setting Powder - Light-Medium Bronze,Silky Setting Powder
10175901,Mary Kay Silky Setting Powder - Medium Bronze,20.00,,,2026-04-08,Silky Setting Powder - Medium Bronze,Silky Setting Powder
10175902,Mary Kay Silky Setting Powder - Deep Bronze,20.00,,,2026-04-08,Silky Setting Powder - Deep Bronze,Silky Setting Powder
10060182,Mary Kay Translucent Loose Powder,18.00,,,2026-04-08,Translucent Loose Powder,Translucent Loose Powder
10233087,Mary Kay Foundation Primer Sunscreen Broad Spectrum SPF 15,20.00,,,2026-04-08,Foundation Primer,Foundation Primer
10252246,Mary Kay Chromafusion Blush - Golden Copper,14.00,,,2026-04-08,Chromafusion Blush - Golden Copper,Chromafusion Blush
10252249,Mary Kay Chromafusion Blush - Rosy Nude,14.00,,,2026-04-08,Chromafusion Blush - Rosy Nude,Chromafusion Blush
10252248,Mary Kay Chromafusion Blush - Rogue Rose,14.00,,,2026-04-08,Chromafusion Blush - Rogue Rose,Chromafusion Blush
10252250,Mary Kay Chromafusion Blush - Shy Blush,14.00,,,2026-04-08,Chromafusion Blush - Shy Blush,Chromafusion Blush
10252247,Mary Kay Chromafusion Blush - Hot Coral,14.00,,,2026-04-08,Chromafusion Blush - Hot Coral,Chromafusion Blush
10252251,Mary Kay Chromafusion Blush - Wineberry,14.00,,,2026-04-08,Chromafusion Blush - Wineberry,Chromafusion Blush
10252256,Mary Kay Chromafusion Contour - Cocoa,14.00,,,2026-04-08,Chromafusion Contour - Cocoa,Chromafusion Contour
10252261,Mary Kay Chromafusion Highlighter - Honey Glow,14.00,,,2026-04-08,Chromafusion Highlighter - Honey Glow,Chromafusion Highlighter
10252257,Mary Kay Chromafusion Contour - Latte,14.00,,,2026-04-08,Chromafusion Contour - Latte,Chromafusion Contour
10252260,Mary Kay Chromafusion Highlighter - Glazed,14.00,,,2026-04-08,Chromafusion Highlighter - Glazed,Chromafusion Highlighter
10241274,Mary Kay Shimmer Eye Shadow Stick - Midnight Galaxy,20.00,,,2026-04-08,Shimmer Eye Shadow Stick - Midnight Galaxy,Shimmer Eye Shadow Stick
10241275,Mary Kay Shimmer Eye Shadow Stick - Radiant Bronze,20.00,,,2026-04-08,Shimmer Eye Shadow Stick - Radiant Bronze,Shimmer Eye Shadow Stick
10241276,Mary Kay Shimmer Eye Shadow Stick - Copper Nova,20.00,,,2026-04-08,Shimmer Eye Shadow Stick - Copper Nova,Shimmer Eye Shadow Stick
10241277,Mary Kay Shimmer Eye Shadow Stick - Golden Sunrise,20.00,,,2026-04-08,Shimmer Eye Shadow Stick - Golden Sunrise,Shimmer Eye Shadow Stick
10241278,Mary Kay Shimmer Eye Shadow Stick - Pink Prisms,20.00,,,2026-04-08,Shimmer Eye Shadow Stick - Pink Prisms,Shimmer Eye Shadow Stick
10250193,Mary Kay Chromafusion Eye Shadow - Shiny Penny,8.00,,,2026-04-08,Chromafusion Eye Shadow - Shiny Penny,Chromafusion Eye Shadow
10250185,Mary Kay Chromafusion Eye Shadow - Dusty Rose,8.00,,,2026-04-08,Chromafusion Eye Shadow - Dusty Rose,Chromafusion Eye Shadow
10250191,Mary Kay Chromafusion Eye Shadow - Moonstone,8.00,,,2026-04-08,Chromafusion Eye Shadow - Moonstone,Chromafusion Eye Shadow
10250180,Mary Kay Chromafusion Eye Shadow - Biscotti,8.00,,,2026-04-08,Chromafusion Eye Shadow - Biscotti,Chromafusion Eye Shadow
10250194,Mary Kay Chromafusion Eye Shadow - Smoky Quartz,8.00,,,2026-04-08,Chromafusion Eye Shadow - Smoky Quartz,Chromafusion Eye Shadow
10250190,Mary Kay Chromafusion Eye Shadow - Merlot,8.00,,,2026-04-08,Chromafusion Eye Shadow - Merlot,Chromafusion Eye Shadow
10250183,Mary Kay Chromafusion Eye Shadow - Cinnabar,8.00,,,2026-04-08,Chromafusion Eye Shadow - Cinnabar,Chromafusion Eye Shadow
10250192,Mary Kay Chromafusion Eye Shadow - Rose Gold,8.00,,,2026-04-08,Chromafusion Eye Shadow - Rose Gold,Chromafusion Eye Shadow
10250188,Mary Kay Chromafusion Eye Shadow - Golden Mauve,8.00,,,2026-04-08,Chromafusion Eye Shadow - Golden Mauve,Chromafusion Eye Shadow
10250189,Mary Kay Chromafusion Eye Shadow - Hazelnut,8.00,,,2026-04-08,Chromafusion Eye Shadow - Hazelnut,Chromafusion Eye Shadow
10250186,Mary Kay Chromafusion Eye Shadow - Espresso,8.00,,,2026-04-08,Chromafusion Eye Shadow - Espresso,Chromafusion Eye Shadow
10250184,Mary Kay Chromafusion Eye Shadow - Crystalline,8.00,,,2026-04-08,Chromafusion Eye Shadow - Crystalline,Chromafusion Eye Shadow
10250182,Mary Kay Chromafusion Eye Shadow - Candlelight,8.00,,,2026-04-08,Chromafusion Eye Shadow - Candlelight,Chromafusion Eye Shadow
10250195,Mary Kay Chromafusion Eye Shadow - Sunlit Rose,8.00,,,2026-04-08,Chromafusion Eye Shadow - Sunlit Rose,Chromafusion Eye Shadow
10250181,Mary Kay Chromafusion Eye Shadow - Blossom,8.00,,,2026-04-08,Chromafusion Eye Shadow - Blossom,Chromafusion Eye Shadow
10250187,Mary Kay Chromafusion Eye Shadow - Gold Status,8.00,,,2026-04-08,Chromafusion Eye Shadow - Gold Status,Chromafusion Eye Shadow
10239154,Mary Kay Waterproof Eyeliner - Black,14.00,,,2026-04-08,Waterproof Eyeliner - Black,Waterproof Eyeliner
10239155,Mary Kay Waterproof Eyeliner - Blue,14.00,,,2026-04-08,Waterproof Eyeliner - Blue,Waterproof Eyeliner
10239156,Mary Kay Waterproof Eyeliner - Steely,14.00,,,2026-04-08,Waterproof Eyeliner - Steely,Waterproof Eyeliner
10239151,Mary Kay Waterproof Eyeliner - Brown,14.00,,,2026-04-08,Waterproof Eyeliner - Brown,Waterproof Eyeliner
10085704,Mary Kay Gel Eyeliner With Expandable Brush Applicator - Jet Black,22.00,,,2026-04-08,Gel Eyeliner With Expandable Brush Applicator - Jet Black,Gel Eyeliner With Expandable Brush Applicator
10141205,Mary Kay Waterproof Liquid Eyeliner Pen - Intense Black,18.00,,,2026-04-08,Waterproof Liquid Eyeliner Pen - Intense Black,Waterproof Liquid Eyeliner Pen
10191325,Mary Kay Great Heights Waterproof Mascara - Black,18.00,,,2026-04-08,Great Heights Waterproof Mascara - Black,Great Heights Waterproof Mascara
10191232,Mary Kay Great Heights Mascara - Black,18.00,,,2026-04-08,Great Heights Mascara - Black,Great Heights Mascara
10222584,Mary Kay Ultimate Mascara - Black,16.00,,,2026-04-08,Ultimate Mascara - Black,Ultimate Mascara
10222585,Mary Kay Ultimate Mascara - Black Brown,16.00,,,2026-04-08,Ultimate Mascara - Black Brown,Ultimate Mascara
10092105,Lash Intensity Mascara - Black,18.00,,,2026-04-08,Lash Intensity Mascara - Black,Lash Intensity Mascara
10041481,Lash Love Mascara - I ♥ Black,16.00,,,2026-04-08,Lash Love Mascara - I ♥ Black,Lash Love Mascara
10142038,Lash Love Fanorama Mascara - I ♥ Black,16.00,,,2026-04-08,Lash Love Fanorama Mascara - I ♥ Black,Lash Love Fanorama Mascara
10222938,Mary Kay Clear Brow Styling Gel - Clear,14.00,,,2026-04-08,Clear Brow Styling Gel - Clear,Clear Brow Styling Gel
10125032,Mary Kay Volumizing Brow Tint - Blonde,14.00,,,2026-04-08,Volumizing Brow Tint - Blonde,Volumizing Brow Tint
10125033,Mary Kay Volumizing Brow Tint - Dark Blonde,14.00,,,2026-04-08,Volumizing Brow Tint - Dark Blonde,Volumizing Brow Tint
10125034,Mary Kay Volumizing Brow Tint - Brunette,14.00,,,2026-04-08,Volumizing Brow Tint - Brunette,Volumizing Brow Tint
10125035,Mary Kay Volumizing Brow Tint - Dark Brunette,14.00,,,2026-04-08,Volumizing Brow Tint - Dark Brunette,Volumizing Brow Tint
10127611,Mary Kay Precision Brow Liner - Blonde,14.00,,,2026-04-08,Precision Brow Liner - Blonde,Precision Brow Liner
10127612,Mary Kay Precision Brow Liner - Dark Blonde,14.00,,,2026-04-08,Precision Brow Liner - Dark Blonde,Precision Brow Liner
10127613,Mary Kay Precision Brow Liner - Brunette,14.00,,,2026-04-08,Precision Brow Liner - Brunette,Precision Brow Liner
10127614,Mary Kay Precision Brow Liner - Dark Brunette,14.00,,,2026-04-08,Precision Brow Liner - Dark Brunette,Precision Brow Liner
10127615,Mary Kay Precision Brow Liner - Black Brown,14.00,,,2026-04-08,Precision Brow Liner - Black Brown,Precision Brow Liner
10239163,"Mary Kay Waterproof Lip Liner - Pink Nude, Mate",14.00,,,2026-04-08,"Waterproof Lip Liner - Pink Nude, Mate",Waterproof Lip Liner
10239164,"Mary Kay Waterproof Lip Liner - Beige Nude, Mate",14.00,,,2026-04-08,"Waterproof Lip Liner - Beige Nude, Mate",Waterproof Lip Liner
10239165,"Mary Kay Waterproof Lip Liner - Mauve Nude, Mate",14.00,,,2026-04-08,"Waterproof Lip Liner - Mauve Nude, Mate",Waterproof Lip Liner
10239166,"Mary Kay Waterproof Lip Liner - Auburn Nude, Mate",14.00,,,2026-04-08,"Waterproof Lip Liner - Auburn Nude, Mate",Waterproof Lip Liner
10239167,"Mary Kay Waterproof Lip Liner - Truffle Nude, Mate",14.00,,,2026-04-08,"Waterproof Lip Liner - Truffle Nude, Mate",Waterproof Lip Liner
10239168,"Mary Kay Waterproof Lip Liner - Rose, Mate",14.00,,,2026-04-08,"Waterproof Lip Liner - Rose, Mate",Waterproof Lip Liner
10239169,Mary Kay Waterproof Lip Liner - Hot Pink,14.00,,,2026-04-08,Waterproof Lip Liner - Hot Pink,Waterproof Lip Liner
10239170,"Mary Kay Waterproof Lip Liner - Red, Mate",14.00,,,2026-04-08,"Waterproof Lip Liner - Red, Mate",Waterproof Lip Liner
10239171,"Mary Kay Waterproof Lip Liner - Berry, Mate",14.00,,,2026-04-08,"Waterproof Lip Liner - Berry, Mate",Waterproof Lip Liner
10153485,Mary Kay Unlimited Lip Gloss - Berry Delight,18.00,,,2026-04-08,Unlimited Lip Gloss - Berry Delight,Unlimited Lip Gloss
10153484,Mary Kay Unlimited Lip Gloss - Pink Fusion,18.00,,,2026-04-08,Unlimited Lip Gloss - Pink Fusion,Unlimited Lip Gloss
10249020,Mary Kay Unlimited Lip Gloss - Unique Mauve,18.00,,,2026-04-08,Unlimited Lip Gloss - Unique Mauve,Unlimited Lip Gloss
10249011,Mary Kay Unlimited Lip Gloss - Fancy Nancy,18.00,,,2026-04-08,Unlimited Lip Gloss - Fancy Nancy,Unlimited Lip Gloss
10249014,Mary Kay Unlimited Lip Gloss - Pink Ballerina,18.00,,,2026-04-08,Unlimited Lip Gloss - Pink Ballerina,Unlimited Lip Gloss
10249017,Mary Kay Unlimited Lip Gloss - Sheer Illusion,18.00,,,2026-04-08,Unlimited Lip Gloss - Sheer Illusion,Unlimited Lip Gloss
10249012,Mary Kay Unlimited Lip Gloss - Iconic Red,18.00,,,2026-04-08,Unlimited Lip Gloss - Iconic Red,Unlimited Lip Gloss
10249019,Mary Kay Unlimited Lip Gloss - Tawny Nude,18.00,,,2026-04-08,Unlimited Lip Gloss - Tawny Nude,Unlimited Lip Gloss
10249013,Mary Kay Unlimited Lip Gloss - Nude Blush,18.00,,,2026-04-08,Unlimited Lip Gloss - Nude Blush,Unlimited Lip Gloss
10249006,Mary Kay Unlimited Lip Gloss - Beach Bronze,18.00,,,2026-04-08,Unlimited Lip Gloss - Beach Bronze,Unlimited Lip Gloss
10089644,Mary Kay Gel Semi-Matte Lipstick - Always Apricot,20.00,,,2026-04-08,Gel Semi-Matte Lipstick - Always Apricot,Gel Semi-Matte Lipstick
10089640,Mary Kay Gel Semi-Matte Lipstick - Bashful You,20.00,,,2026-04-08,Gel Semi-Matte Lipstick - Bashful You,Gel Semi-Matte Lipstick
10141478,Mary Kay Gel Semi-Matte Lipstick - Berry Famous,20.00,,,2026-04-08,Gel Semi-Matte Lipstick - Berry Famous,Gel Semi-Matte Lipstick
10157977,Mary Kay Gel Semi-Matte Lipstick - Blush Velvet,20.00,,,2026-04-08,Gel Semi-Matte Lipstick - Blush Velvet,Gel Semi-Matte Lipstick
10089647,Mary Kay Gel Semi-Matte Lipstick - Crushed Berry,20.00,,,2026-04-08,Gel Semi-Matte Lipstick - Crushed Berry,Gel Semi-Matte Lipstick
10089642,Mary Kay Gel Semi-Matte Lipstick - Mauve Moment,20.00,,,2026-04-08,Gel Semi-Matte Lipstick - Mauve Moment,Gel Semi-Matte Lipstick
10089646,Mary Kay Gel Semi-Matte Lipstick - Midnight Red,20.00,,,2026-04-08,Gel Semi-Matte Lipstick - Midnight Red,Gel Semi-Matte Lipstick
10089645,Mary Kay Gel Semi-Matte Lipstick - Poppy Please,20.00,,,2026-04-08,Gel Semi-Matte Lipstick - Poppy Please,Gel Semi-Matte Lipstick
10089643,Mary Kay Gel Semi-Matte Lipstick - Powerful Pink,20.00,,,2026-04-08,Gel Semi-Matte Lipstick - Powerful Pink,Gel Semi-Matte Lipstick
10157973,Mary Kay Gel Semi-Matte Lipstick - Red Stiletto,20.00,,,2026-04-08,Gel Semi-Matte Lipstick - Red Stiletto,Gel Semi-Matte Lipstick
10183277,Mary Kay Gel Semi-Matte Lipstick - Subdued Nude,20.00,,,2026-04-08,Gel Semi-Matte Lipstick - Subdued Nude,Gel Semi-Matte Lipstick
10141480,Mary Kay Gel Semi-Matte Lipstick - Trademark Pink,20.00,,,2026-04-08,Gel Semi-Matte Lipstick - Trademark Pink,Gel Semi-Matte Lipstick
10249162,Mary Kay Supreme Hydrating Lipstick - Poetic Pink,20.00,,,2026-04-08,Supreme Hydrating Lipstick - Poetic Pink,Supreme Hydrating Lipstick
10094640,Mary Kay Gel Semi-Shine Lipstick - Apple Berry,20.00,,,2026-04-08,Gel Semi-Shine Lipstick - Apple Berry,Gel Semi-Shine Lipstick
10094641,Mary Kay Gel Semi-Shine Lipstick - Berry Couture,20.00,,,2026-04-08,Gel Semi-Shine Lipstick - Berry Couture,Gel Semi-Shine Lipstick
10183278,Mary Kay Gel Semi-Shine Lipstick - Downtown Brown,20.00,,,2026-04-08,Gel Semi-Shine Lipstick - Downtown Brown,Gel Semi-Shine Lipstick
10094636,Mary Kay Gel Semi-Shine Lipstick - Haute Pink,20.00,,,2026-04-08,Gel Semi-Shine Lipstick - Haute Pink,Gel Semi-Shine Lipstick
10094611,Mary Kay Gel Semi-Shine Lipstick - Love Me Pink,20.00,,,2026-04-08,Gel Semi-Shine Lipstick - Love Me Pink,Gel Semi-Shine Lipstick
10094608,Mary Kay Gel Semi-Shine Lipstick - Naturally Buff,20.00,,,2026-04-08,Gel Semi-Shine Lipstick - Naturally Buff,Gel Semi-Shine Lipstick
10094615,Mary Kay Gel Semi-Shine Lipstick - Raspberry Ice,20.00,,,2026-04-08,Gel Semi-Shine Lipstick - Raspberry Ice,Gel Semi-Shine Lipstick
10094614,Mary Kay Gel Semi-Shine Lipstick - Red Smolder,20.00,,,2026-04-08,Gel Semi-Shine Lipstick - Red Smolder,Gel Semi-Shine Lipstick
10094610,Mary Kay Gel Semi-Shine Lipstick - Rosewood,20.00,,,2026-04-08,Gel Semi-Shine Lipstick - Rosewood,Gel Semi-Shine Lipstick
10094638,Mary Kay Gel Semi-Shine Lipstick - Scarlet Red,20.00,,,2026-04-08,Gel Semi-Shine Lipstick - Scarlet Red,Gel Semi-Shine Lipstick
10094634,Mary Kay Gel Semi-Shine Lipstick - Spiced Ginger,20.00,,,2026-04-08,Gel Semi-Shine Lipstick - Spiced Ginger,Gel Semi-Shine Lipstick
10094637,Mary Kay Gel Semi-Shine Lipstick - Sunset Peach,20.00,,,2026-04-08,Gel Semi-Shine Lipstick - Sunset Peach,Gel Semi-Shine Lipstick
10094639,Mary Kay Gel Semi-Shine Lipstick - Luminous Lilac,20.00,,,2026-04-08,Gel Semi-Shine Lipstick - Luminous Lilac,Gel Semi-Shine Lipstick
10155207,Mary Kay Supreme Hydrating Lipstick - Better Than Bare,20.00,,,2026-04-08,Supreme Hydrating Lipstick - Better Than Bare,Supreme Hydrating Lipstick
10206309,Mary Kay Supreme Hydrating Lipstick - Black Cherry,20.00,,,2026-04-08,Supreme Hydrating Lipstick - Black Cherry,Supreme Hydrating Lipstick
10155222,Mary Kay Supreme Hydrating Lipstick - Boho Plum,20.00,,,2026-04-08,Supreme Hydrating Lipstick - Boho Plum,Supreme Hydrating Lipstick
10155212,Mary Kay Supreme Hydrating Lipstick - Casual Rose,20.00,,,2026-04-08,Supreme Hydrating Lipstick - Casual Rose,Supreme Hydrating Lipstick
10155218,Mary Kay Supreme Hydrating Lipstick - Festive Pink,20.00,,,2026-04-08,Supreme Hydrating Lipstick - Festive Pink,Supreme Hydrating Lipstick
10249159,Mary Kay Supreme Hydrating Lipstick - Hushed Blush,20.00,,2026-04-07,2026-04-08,Supreme Hydrating Lipstick - Hushed Blush,Supreme Hydrating Lipstick
10206307,Mary Kay Supreme Hydrating Lipstick - Natural,20.00,,,2026-04-08,Supreme Hydrating Lipstick - Natural,Supreme Hydrating Lipstick
10155219,Mary Kay Supreme Hydrating Lipstick - Rockstar Red,20.00,,,2026-04-08,Supreme Hydrating Lipstick - Rockstar Red,Supreme Hydrating Lipstick
10206306,Mary Kay Supreme Hydrating Lipstick - Toasted Plum,20.00,,,2026-04-08,Supreme Hydrating Lipstick - Toasted Plum,Supreme Hydrating Lipstick
10249160,Mary Kay Supreme Hydrating Lipstick - Mauve Crush,20.00,,,2026-04-08,Supreme Hydrating Lipstick - Mauve Crush,Supreme Hydrating Lipstick
10202992,Mary Kay Perfect Palette (unfilled),20.00,,,2026-04-08,Perfect Palette (unfilled),Perfect Palette
10114610,Mary Kay Petite Palette (vacía),10.00,,,2026-04-08,Petite Palette (vacía),Petite Palette (vacía)
10134442,Palette Cheek Brush,2.00,,,2026-04-08,Palette Cheek Brush,Palette Cheek Brush
10134452,Cosmetic Sponges,4.00,,,2026-04-08,Cosmetic Sponges,Cosmetic Sponges
10114898,Mary Kay Blending Sponge,12.00,,,2026-04-08,Blending Sponge,Blending Sponge
10128063,Mary Kay Blending Brush,16.00,,,2026-04-08,Blending Brush,Blending Brush
10135951,Mary Kay Mask Applicator,12.00,,,2026-04-08,Mask Applicator,Mask Applicator
10107305,Mary Kay Essential Brush Collection,60.00,,,2026-04-08,Essential Brush Collection,Essential Brush Collection
10122325,Mary Kay Liquid Foundation Brush,14.00,,,2026-04-08,Liquid Foundation Brush,Liquid Foundation Brush
10122329,Mary Kay Cream Color Brush,12.00,,,2026-04-08,Cream Color Brush,Cream Color Brush
10122328,Mary Kay Eyebrow/Eyeliner Brush,10.00,,,2026-04-08,Eyebrow/Eyeliner Brush,Eyebrow/Eyeliner Brush
10122320,Mary Kay All-Over Powder Brush,18.00,,,2026-04-08,All-Over Powder Brush,All-Over Powder Brush
10122321,Mary Kay Cheek Brush,16.00,,,2026-04-08,Cheek Brush,Cheek Brush
10168938,Mary Kay Eye Blending Brush,12.00,,,2026-04-08,Eye Blending Brush,Eye Blending Brush
10122322,Mary Kay Eye Crease Brush,12.00,,,2026-04-08,Eye Crease Brush,Eye Crease Brush
10122323,Mary Kay All-Over Eye Shadow Brush,12.00,,,2026-04-08,All-Over Eye Shadow Brush,All-Over Eye Shadow Brush
10122324,Mary Kay Eye Smudger Brush,12.00,,,2026-04-08,Eye Smudger Brush,Eye Smudger Brush
10143940,"Mary Kay Travel Roll-Up Bag, (vacío)",40.00,,,2026-04-08,"Travel Roll-Up Bag, (vacío)","Travel Roll-Up Bag, (vacío)"
10202993,Mary Kay Pro Palette (vacía),28.00,,,2026-04-08,Pro Palette (vacía),Pro Palette (vacía)
10080376,"Hello, Clean",36.00,,,2026-04-08,"Hello, Clean","Hello, Clean"
10162409,Mary Kay Apple & Almond Scented Body Lotion - Apple & Almond,16.00,,,2026-04-08,Apple & Almond Scented Body Lotion - Apple & Almond,Apple & Almond Scented Body Lotion
10162408,Mary Kay Apple & Almond Scented Shower Gel - Apple & Almond,16.00,,,2026-04-08,Apple & Almond Scented Shower Gel - Apple & Almond,Apple & Almond Scented Shower Gel
10162416,Mary Kay Berry & Vanilla Scented Body Lotion - Berry & Vanilla,16.00,,,2026-04-08,Berry & Vanilla Scented Body Lotion - Berry & Vanilla,Berry & Vanilla Scented Body Lotion
10162443,Mary Kay Berry & Vanilla Scented Shower Gel - Berry & Vanilla,16.00,,,2026-04-08,Berry & Vanilla Scented Shower Gel - Berry & Vanilla,Berry & Vanilla Scented Shower Gel
10136769,Mary Kay 2-In-1 Body Wash & Shave,18.00,,,2026-04-08,2-In-1 Body Wash & Shave,2-In-1 Body Wash & Shave
10073789,Mary Kay Hydrating Lotion,18.00,,,2026-04-08,Hydrating Lotion,Hydrating Lotion
10091504,White Tea & Citrus Satin Body Revitalizing Shea Scrub,22.00,,,2026-04-08,White Tea & Citrus Satin Body Revitalizing Shea Scrub,White Tea & Citrus Satin Body Revitalizing Shea Scrub
10091502,White Tea & Citrus Satin Body Indulgent Shea Wash,22.00,,,2026-04-08,White Tea & Citrus Satin Body Indulgent Shea Wash,White Tea & Citrus Satin Body Indulgent Shea Wash
10091493,White Tea & Citrus Satin Body Silkening Shea Lotion,22.00,,,2026-04-08,White Tea & Citrus Satin Body Silkening Shea Lotion,White Tea & Citrus Satin Body Silkening Shea Lotion
10090638,White Tea & Citrus Satin Hands Pampering Set,38.00,,,2026-04-08,White Tea & Citrus Satin Hands Pampering Set,White Tea & Citrus Satin Hands Pampering Set
10088632,White Tea & Citrus Satin Hands Nourishing Shea Cream,14.00,,,2026-04-08,White Tea & Citrus Satin Hands Nourishing Shea Cream,White Tea & Citrus Satin Hands Nourishing Shea Cream
10156069,Fragrance-Free Satin Hands Nourishing Shea Cream,14.00,,,2026-04-08,Fragrance-Free Satin Hands Nourishing Shea Cream,Fragrance-Free Satin Hands Nourishing Shea Cream
10238148,Fragrance-Free Satin Hands Pampering Set,38.00,,,2026-04-08,Fragrance-Free Satin Hands Pampering Set,Fragrance-Free Satin Hands Pampering Set
10223788,Mint Bliss Energizing Lotion for Feet & Legs,12.00,,,2026-04-08,Mint Bliss Energizing Lotion for Feet & Legs,Mint Bliss Energizing Lotion for Feet & Legs
10235051,Mary Kay Confidently You Eau de Parfum,55.00,,,2026-04-08,Confidently You Eau de Parfum,Confidently You Eau de Parfum
10192900,Belara Eau de Parfum,44.00,,,2026-04-08,Belara Eau de Parfum,Belara Eau de Parfum
10012512,Bella Belara Eau de Parfum,44.00,,,2026-04-08,Bella Belara Eau de Parfum,Bella Belara Eau de Parfum
10095688,Enchanted Wish Eau de Toilette,40.00,,,2026-04-08,Enchanted Wish Eau de Toilette,Enchanted Wish Eau de Toilette
10088620,Forever Diamonds Eau de Parfum,46.00,,,2026-04-08,Forever Diamonds Eau de Parfum,Forever Diamonds Eau de Parfum
10094305,Live Fearlessly Eau de Parfum,48.00,,,2026-04-08,Live Fearlessly Eau de Parfum,Live Fearlessly Eau de Parfum
10141779,Mary Kay Illuminea Extrait de Parfum,80.00,,,2026-04-08,Illuminea Extrait de Parfum,Illuminea Extrait de Parfum
10218635,Thinking of You Eau de Parfum,36.00,,,2026-04-08,Thinking of You Eau de Parfum,Thinking of You Eau de Parfum
10028783,Domain Cologne Spray,42.00,,,2026-04-08,Domain Cologne Spray,Domain Cologne Spray
10109680,MK High Intensity Cologne Spray,46.00,,,2026-04-08,MK High Intensity Cologne Spray,MK High Intensity Cologne Spray
10095123,MK High Intensity Ocean Cologne Spray,46.00,,,2026-04-08,MK High Intensity Ocean Cologne Spray,MK High Intensity Ocean Cologne Spray
10075680,MK High Intensity Sport Cologne Spray,46.00,,,2026-04-08,MK High Intensity Sport Cologne Spray,MK High Intensity Sport Cologne Spray
10221421,Cityscape Cologne Spray,56.00,,,2026-04-08,Cityscape Cologne Spray,Cityscape Cologne Spray
10092185,Mary Kay Undereye Corrector - Undereye Corrector,16.00,,,2026-04-08,Undereye Corrector - Undereye Corrector,Undereye Corrector
10092191,Mary Kay Perfecting Concealer - Light Ivory,16.00,,,2026-04-08,Perfecting Concealer - Light Ivory,Perfecting Concealer
10092194,Mary Kay Perfecting Concealer - Deep Beige,16.00,,,2026-04-08,Perfecting Concealer - Deep Beige,Perfecting Concealer
10092195,Mary Kay Perfecting Concealer - Light Bronze,16.00,,,2026-04-08,Perfecting Concealer - Light Bronze,Perfecting Concealer
10153488,Mary Kay Unlimited Lip Gloss - Soft Nude,18.00,,,2026-04-08,Unlimited Lip Gloss - Soft Nude,Unlimited Lip Gloss
10155215,Mary Kay Supreme Hydrating Lipstick - Coral Confetti,20.00,,,2026-04-08,Supreme Hydrating Lipstick - Coral Confetti,Supreme Hydrating Lipstick
10200873,Mary Kay Supreme Hydrating Lipstick - Think of Pink,20.00,,,2026-04-08,Supreme Hydrating Lipstick - Think of Pink,Supreme Hydrating Lipstick
10200874,Mary Kay Supreme Hydrating Lipstick - Very Raspberry,20.00,,,2026-04-08,Supreme Hydrating Lipstick - Very Raspberry,Supreme Hydrating Lipstick
10212559,Lash Love Waterproof Mascara - I ♥ Black,16.00,,,2026-04-08,Lash Love Waterproof Mascara - I ♥ Black,Lash Love Waterproof Mascara
10149211,Mary Kay Liquid Eye Shadow - Meteor Shower,16.00,,,2026-04-08,Liquid Eye Shadow - Meteor Shower,Liquid Eye Shadow
10149208,Mary Kay Liquid Eye Shadow - Light Beam,16.00,,,2026-04-08,Liquid Eye Shadow - Light Beam,Liquid Eye Shadow
10048515,True Original Cologne Spray,42.00,,,2026-04-08,True Original Cologne Spray,True Original Cologne Spray
10222709,Mary Kay Lavender & Coconut Scented Shower Gel de edición limitada,16.00,,,2026-04-08,Lavender & Coconut Scented Shower Gel de edición limitada,Lavender & Coconut Scented Shower Gel
10237969,Mary Kay Lavender & Coconut Body Spray de edición limitada,18.00,,,2026-04-08,Lavender & Coconut Body Spray de edición limitada,Lavender & Coconut Body Spray
10217406,TimeWise 4-in-1 Cleanser - Normal/Dry (Old SKU),26.00,,2026-04-07,2026-04-07,TimeWise 4-in-1 Cleanser - Normal/Dry (Old SKU),TimeWise 4-in-1 Cleanser
10092192,Mary Kay Perfecting Concealer - Deep Ivory,16.00,,2026-03-27,2026-03-27,Perfecting Concealer - Deep Ivory,Perfecting Concealer
10153487,Mary Kay Unlimited Lip Gloss - Evening Berry Pearl,18.00,,2026-03-27,2026-03-27,Unlimited Lip Gloss - Evening Berry Pearl,Unlimited Lip Gloss
10155221,Mary Kay Supreme Hydrating Lipstick - Fuchsia Dream Shine,20.00,,2026-03-27,2026-03-27,Supreme Hydrating Lipstick - Fuchsia Dream Shine,Supreme Hydrating Lipstick
10157498,Mary Kay Illuminea Body Soufflé,32.00,,2026-03-27,2026-03-27,Illuminea Body Soufflé,Illuminea Body Soufflé
10169301,Mary Kay Unlimited Lip Gloss - Hopeful Lilac,16.00,,2026-03-27,2026-03-27,Unlimited Lip Gloss - Hopeful Lilac,Unlimited Lip Gloss
10174885,Mary Kay If You Believe Eau de Toilette,40.00,,2026-03-27,2026-03-27,If You Believe Eau de Toilette,If You Believe Eau de Toilette
10175219,Mary Kay Women's Fragrance Gift Set,24.00,,2026-03-27,2026-03-27,Women's Fragrance Gift Set,Women's Fragrance Gift Set
10179763,Mary Kay Heart-Shaped Lipstick - Courageous Pink,18.00,,2026-03-27,2026-03-27,Heart-Shaped Lipstick - Courageous Pink,Heart-Shaped Lipstick
10180610,Mary Kay Gel Cream Blush - Blushing Pink,4.00,,2026-03-27,2026-03-27,Gel Cream Blush - Blushing Pink,Gel Cream Blush
10180611,Mary Kay Gel Cream Blush - Dewy Peach,4.00,,2026-03-27,2026-03-27,Gel Cream Blush - Dewy Peach,Gel Cream Blush
10180612,Mary Kay Gel Cream Blush - Simply Rosy,4.00,,2026-03-27,2026-03-27,Gel Cream Blush - Simply Rosy,Gel Cream Blush
10180613,Mary Kay Gel Cream Blush - Berry Happy,4.00,,2026-03-27,2026-03-27,Gel Cream Blush - Berry Happy,Gel Cream Blush
10190603,Mary Kay Vinyl Shine Liquid Lip Set - Neutral (Brilliant Brown & Glowing Neutral),8.00,,2026-03-27,2026-03-27,Vinyl Shine Liquid Lip Set - Neutral (Brilliant Brown & Glowing Neutral),Vinyl Shine Liquid Lip Set
10201211,Mary Kay Hand Cream - Mandarin & Rose,10.00,,2026-03-27,2026-03-27,Hand Cream - Mandarin & Rose,Hand Cream
10201213,Mary Kay Hand Cream - Mango & Orange Flower,10.00,,2026-03-27,2026-03-27,Hand Cream - Mango & Orange Flower,Hand Cream
10201246,Mary Kay Cream Bronzer Duo Stick - Honey & Luster,18.00,,2026-03-27,2026-03-27,Cream Bronzer Duo Stick - Honey & Luster,Cream Bronzer Duo Stick
10201247,Mary Kay Cream Bronzer Duo Stick - Bronze & Shimmer,18.00,,2026-03-27,2026-03-27,Cream Bronzer Duo Stick - Bronze & Shimmer,Cream Bronzer Duo Stick
10201248,Mary Kay Cream Highlighter Duo Stick - Pearl & Gold,18.00,,2026-03-27,2026-03-27,Cream Highlighter Duo Stick - Pearl & Gold,Cream Highlighter Duo Stick
10202027,Mary Kay Lip Balm Set - Sweet Berry and Tropical Guava,16.00,,2026-03-27,2026-03-27,Lip Balm Set - Sweet Berry and Tropical Guava,Lip Balm Set
10205914,Mary Kay Waterproof Eyeliner - Emerald,14.00,,2026-03-27,2026-03-27,Waterproof Eyeliner - Emerald,Waterproof Eyeliner
10205915,Mary Kay Waterproof Eyeliner - Amethyst,14.00,,2026-03-27,2026-03-27,Waterproof Eyeliner - Amethyst,Waterproof Eyeliner
10205917,Mary Kay Waterproof Eyeliner - Copper,10.00,,2026-03-27,2026-03-27,Waterproof Eyeliner - Copper,Waterproof Eyeliner
10205946,Mary Kay Waterproof Lip Liner - Violet Lilac,14.00,,2026-03-27,2026-03-27,Waterproof Lip Liner - Violet Lilac,Waterproof Lip Liner
10205947,Mary Kay Waterproof Lip Liner - Tangerine,10.00,,2026-03-27,2026-03-27,Waterproof Lip Liner - Tangerine,Waterproof Lip Liner
10208941,Mary Kay Velvet Lip Crayon - Visionary Pink,18.00,,2026-03-27,2026-03-27,Velvet Lip Crayon - Visionary Pink,Velvet Lip Crayon
10208942,Mary Kay Velvet Lip Crayon - Pink Rose,18.00,,2026-03-27,2026-03-27,Velvet Lip Crayon - Pink Rose,Velvet Lip Crayon
10208961,Mary Kay Nail Polish - Legacy Lilac,10.00,,2026-03-27,2026-03-27,Nail Polish - Legacy Lilac,Nail Polish
10208962,Mary Kay Nail Polish - Visionary Pink,10.00,,2026-03-27,2026-03-27,Nail Polish - Visionary Pink,Nail Polish
10209215,Mary Kay 60th Anniversary Eye Shadow Palette - Pink Diamonds,14.00,,2026-03-27,2026-03-27,60th Anniversary Eye Shadow Palette - Pink Diamonds,60th Anniversary Eye Shadow Palette
10211958,Mary Kay Shimmer Liquid Eye Shadow - Rosé,10.00,,2026-03-27,2026-03-27,Shimmer Liquid Eye Shadow - Rosé,Shimmer Liquid Eye Shadow
10214844,Mary Kay Body Care Set - Lavender Magnolia,30.00,,2026-03-27,2026-03-27,Body Care Set - Lavender Magnolia,Body Care Set
10216446,Orchard Peach Satin Hands Pampering Set - Orchard Peach,36.00,,2026-03-27,2026-03-27,Orchard Peach Satin Hands Pampering Set - Orchard Peach,Orchard Peach Satin Hands Pampering Set
10216448,Orchard Peach Satin Hands Nourishing Shea Cream - Orchard Peach,12.00,,2026-03-27,2026-03-27,Orchard Peach Satin Hands Nourishing Shea Cream - Orchard Peach,Orchard Peach Satin Hands Nourishing Shea Cream
10218179,Mary Kay Hand Cream - Island Mist & Jasmine,10.00,,2026-03-27,2026-03-27,Hand Cream - Island Mist & Jasmine,Hand Cream
10218180,Mary Kay Hand Cream - Berries & Rose,10.00,,2026-03-27,2026-03-27,Hand Cream - Berries & Rose,Hand Cream
10218181,Mary Kay Hand Cream - Passionflower,10.00,,2026-03-27,2026-03-27,Hand Cream - Passionflower,Hand Cream
10220124,Mary Kay Sparkle Cream Lipstick - Empower,16.00,,2026-03-27,2026-03-27,Sparkle Cream Lipstick - Empower,Sparkle Cream Lipstick
10220125,Mary Kay Sparkle Cream Lipstick - Positive Impact,22.00,,2026-03-27,2026-03-27,Sparkle Cream Lipstick - Positive Impact,Sparkle Cream Lipstick
10220390,Mary Kay Matte Liquid Lipstick - Soft Fawn,20.00,,2026-03-27,2026-03-27,Matte Liquid Lipstick - Soft Fawn,Matte Liquid Lipstick
10220391,Mary Kay Matte Liquid Lipstick - Rich Mahogany,16.00,,2026-03-27,2026-03-27,Matte Liquid Lipstick - Rich Mahogany,Matte Liquid Lipstick
10220392,Mary Kay Matte Liquid Lipstick - Red Noir,20.00,,2026-03-27,2026-03-27,Matte Liquid Lipstick - Red Noir,Matte Liquid Lipstick
10222283,Mary Kay Boundless Blue Eau de Parfum,44.00,,2026-03-27,2026-03-27,Boundless Blue Eau de Parfum,Boundless Blue Eau de Parfum
10222710,Mary Kay Lavender & Coconut Scented Body Lotion,16.00,,2026-03-27,2026-03-27,Lavender & Coconut Scented Body Lotion,Lavender & Coconut Scented Body Lotion
10224269,Citrus Lilac Satin Hands Pampering Set,38.00,,2026-03-27,2026-03-27,Citrus Lilac Satin Hands Pampering Set,Citrus Lilac Satin Hands Pampering Set
10224295,Mary Kay Liquid Eye Shadow - Sand Dune,16.00,,2026-03-27,2026-03-27,Liquid Eye Shadow - Sand Dune,Liquid Eye Shadow
10224296,Mary Kay Liquid Eye Shadow - Warm Desert,16.00,,2026-03-27,2026-03-27,Liquid Eye Shadow - Warm Desert,Liquid Eye Shadow
10224297,Mary Kay Liquid Eye Shadow - In The Trees,16.00,,2026-03-27,2026-03-27,Liquid Eye Shadow - In The Trees,Liquid Eye Shadow
10224871,Belara Body Lotion,22.00,,2026-03-27,2026-03-27,Belara Body Lotion,Belara Body Lotion
10225155,Mary Kay Men's Hair and Body Wash Gift Set,28.00,,2026-03-27,2026-03-27,Men's Hair and Body Wash Gift Set,Men's Hair and Body Wash Gift Set
10227791,Belara Bundle,58.00,,2026-03-27,2026-03-27,Belara Bundle,Belara Bundle
10232586,Mary Kay Brow Kit - Blonde,28.00,,2026-03-27,2026-03-27,Brow Kit - Blonde,Brow Kit
10232587,Mary Kay Brow 	Kit - Brunette,28.00,,2026-03-27,2026-03-27,Brow Kit - Brunette,Brow Kit
10232588,Mary Kay Brow Kit - Dark Brunette,28.00,,2026-03-27,2026-03-27,Brow Kit - Dark Brunette,Brow Kit
10235965,Mary Kay Tinted Lip Balm - Radiant Pink,20.00,,2026-03-27,2026-03-27,Tinted Lip Balm - Radiant Pink,Tinted Lip Balm
10235967,Mary Kay Tinted Lip Balm - Coral Blaze,20.00,,2026-03-27,2026-03-27,Tinted Lip Balm - Coral Blaze,Tinted Lip Balm
10235969,Mary Kay Eye Shadow Palette - Outer Glow,40.00,,2026-03-27,2026-03-27,Eye Shadow Palette - Outer Glow,Eye Shadow Palette
10235970,Mary Kay Eye Shadow Palette - Inner Fire,40.00,,2026-03-27,2026-03-27,Eye Shadow Palette - Inner Fire,Eye Shadow Palette
10236166,Mary Kay Confidently You Silkening Dry Oil,24.00,,2026-03-27,2026-03-27,Confidently You Silkening Dry Oil,Confidently You Silkening Dry Oil
10236898,Mary Kay Gel Cream Blush - Pink Stars,20.00,,2026-03-27,2026-03-27,Gel Cream Blush - Pink Stars,Gel Cream Blush
10236899,Mary Kay Gel Cream Blush - Soft Buff,20.00,,2026-03-27,2026-03-27,Gel Cream Blush - Soft Buff,Gel Cream Blush
10236901,Mary Kay Gel Cream Blush - Coral Kiss,20.00,,2026-03-27,2026-03-27,Gel Cream Blush - Coral Kiss,Gel Cream Blush
10236902,Mary Kay Gel Cream Blush - Passionfruit,20.00,,2026-03-27,2026-03-27,Gel Cream Blush - Passionfruit,Gel Cream Blush
10237967,Mary Kay Lavender & Coconut Hand Cream,12.00,,2026-03-27,2026-03-27,Lavender & Coconut Hand Cream,Lavender & Coconut Hand Cream
10245847,Mary Kay Tinted Lip Oil - Blush,20.00,,2026-03-27,2026-03-27,Tinted Lip Oil - Blush,Tinted Lip Oil
10245848,Mary Kay Tinted Lip Oil - Berry,20.00,,2026-03-27,2026-03-27,Tinted Lip Oil - Berry,Tinted Lip Oil
10248996,Mary Kay Conifdently You Bundle,79.00,,2026-03-27,2026-03-27,Conifdently You Bundle,Conifdently You Bundle
10249183,Mary Kay Unlimited Lip Gloss Set Deluxe Mini (Single),8.00,,2026-03-27,2026-03-27,Unlimited Lip Gloss Set Deluxe Mini (Single),Unlimited Lip Gloss Set Deluxe Mini (Single)
10249418,Mary Kay Sparkle Cream Lipstick in Empower,22.00,,2026-03-27,2026-03-27,Sparkle Cream Lipstick in Empower,Sparkle Cream Lipstick in Empower
10206304,Mary Kay Supreme Hydrating Lipstick - Hushed Blush (Old SKU),20.00,,2026-03-27,2026-03-27,Supreme Hydrating Lipstick - Hushed Blush (Old SKU),Supreme Hydrating Lipstick
10208549,TimeWise Repair Volu-Firm Foaming Cleanser (Old SKU),30.00,,2026-03-27,2026-03-27,TimeWise Repair Volu-Firm Foaming Cleanser (Old SKU),TimeWise Repair Volu-Firm Foaming Cleanser (Old SKU)
